filename,Class
2158_hmi.M_720s.20140910_160000_TAI.1.magnetogram_224.png,X
1520_hmi.M_720s.20120712_154800_TAI.1.magnetogram_224.png,X
2158_hmi.M_720s.20140909_174800_TAI.1.magnetogram_224.png,X
2192_hmi.M_720s.20141025_111200_TAI.1.magnetogram_224.png,X
1515_hmi.M_720s.20120706_071200_TAI.1.magnetogram_224.png,X
2192_hmi.M_720s.20141025_102400_TAI.1.magnetogram_224.png,X
2192_hmi.M_720s.20141025_231200_TAI.1.magnetogram_224.png,X
1944_hmi.M_720s.20140107_081200_TAI.1.magnetogram_224.png,X
1520_hmi.M_720s.20120712_130000_TAI.1.magnetogram_224.png,X
2158_hmi.M_720s.20140910_112400_TAI.1.magnetogram_224.png,X
1944_hmi.M_720s.20140107_032400_TAI.1.magnetogram_224.png,X
1890_hmi.M_720s.20131105_062400_TAI.1.magnetogram_224.png,X
1166_hmi.M_720s.20110309_094800_TAI.1.magnetogram_224.png,X
1283_hmi.M_720s.20110906_180000_TAI.1.magnetogram_224.png,X
1158_hmi.M_720s.20110214_104800_TAI.1.magnetogram_224.png,X
2192_hmi.M_720s.20141022_013600_TAI.1.magnetogram_224.png,X
1890_hmi.M_720s.20131107_222400_TAI.1.magnetogram_224.png,X
2192_hmi.M_720s.20141022_020000_TAI.1.magnetogram_224.png,X
2673_hmi.M_720s.20170906_003600_TAI.3.magnetogram_224.png,X
1283_hmi.M_720s.20110906_143600_TAI.1.magnetogram_224.png,X
2192_hmi.M_720s.20141021_182400_TAI.1.magnetogram_224.png,X
2192_hmi.M_720s.20141024_112400_TAI.1.magnetogram_224.png,X
1166_hmi.M_720s.20110309_021200_TAI.1.magnetogram_224.png,X
1890_hmi.M_720s.20131105_164800_TAI.1.magnetogram_224.png,X
2017_hmi.M_720s.20140328_222400_TAI.1.magnetogram_224.png,X
1283_hmi.M_720s.20110906_031200_TAI.1.magnetogram_224.png,X
2017_hmi.M_720s.20140329_104800_TAI.1.magnetogram_224.png,X
1430_hmi.M_720s.20120306_112400_TAI.1.magnetogram_224.png,X
1520_hmi.M_720s.20120712_104800_TAI.1.magnetogram_224.png,X
1890_hmi.M_720s.20131110_021200_TAI.1.magnetogram_224.png,X
2192_hmi.M_720s.20141021_162400_TAI.1.magnetogram_224.png,X
2673_hmi.M_720s.20170906_234800_TAI.3.magnetogram_224.png,X
2192_hmi.M_720s.20141025_100000_TAI.1.magnetogram_224.png,X
2205_hmi.M_720s.20141107_143600_TAI.1.magnetogram_224.png,X
2192_hmi.M_720s.20141025_073600_TAI.1.magnetogram_224.png,X
2192_hmi.M_720s.20141022_124800_TAI.1.magnetogram_224.png,X
2192_hmi.M_720s.20141024_170000_TAI.1.magnetogram_224.png,X
1283_hmi.M_720s.20110907_002400_TAI.1.magnetogram_224.png,X
2673_hmi.M_720s.20170907_032400_TAI.3.magnetogram_224.png,X
2297_hmi.M_720s.20150311_040000_TAI.1.magnetogram_224.png,X
1515_hmi.M_720s.20120706_082400_TAI.1.magnetogram_224.png,X
1158_hmi.M_720s.20110214_021200_TAI.1.magnetogram_224.png,X
1283_hmi.M_720s.20110907_163600_TAI.1.magnetogram_224.png,X
1890_hmi.M_720s.20131108_011200_TAI.1.magnetogram_224.png,X
1430_hmi.M_720s.20120306_092400_TAI.1.magnetogram_224.png,X
2297_hmi.M_720s.20150311_094800_TAI.1.magnetogram_224.png,X
2158_hmi.M_720s.20140910_164800_TAI.1.magnetogram_224.png,X
2297_hmi.M_720s.20150311_033600_TAI.1.magnetogram_224.png,X
2192_hmi.M_720s.20141024_080000_TAI.1.magnetogram_224.png,X
2673_hmi.M_720s.20170905_193600_TAI.3.magnetogram_224.png,X
1890_hmi.M_720s.20131105_063600_TAI.1.magnetogram_224.png,X
1515_hmi.M_720s.20120706_011200_TAI.1.magnetogram_224.png,X
1944_hmi.M_720s.20140107_142400_TAI.1.magnetogram_224.png,X
2017_hmi.M_720s.20140329_082400_TAI.1.magnetogram_224.png,X
1283_hmi.M_720s.20110906_113600_TAI.1.magnetogram_224.png,X
2158_hmi.M_720s.20140909_220000_TAI.1.magnetogram_224.png,X
2192_hmi.M_720s.20141024_104800_TAI.1.magnetogram_224.png,X
2297_hmi.M_720s.20150311_142400_TAI.1.magnetogram_224.png,X
2192_hmi.M_720s.20141021_160000_TAI.1.magnetogram_224.png,X
2192_hmi.M_720s.20141027_131200_TAI.1.magnetogram_224.png,X
1890_hmi.M_720s.20131110_042400_TAI.1.magnetogram_224.png,X
2673_hmi.M_720s.20170906_174800_TAI.3.magnetogram_224.png,X
1890_hmi.M_720s.20131108_000000_TAI.1.magnetogram_224.png,X
1429_hmi.M_720s.20120306_132400_TAI.1.magnetogram_224.png,X
2673_hmi.M_720s.20170906_173600_TAI.3.magnetogram_224.png,X
1158_hmi.M_720s.20110215_010000_TAI.1.magnetogram_224.png,X
2192_hmi.M_720s.20141025_042400_TAI.1.magnetogram_224.png,X
1429_hmi.M_720s.20120306_023600_TAI.1.magnetogram_224.png,X
1283_hmi.M_720s.20110906_151200_TAI.1.magnetogram_224.png,X
2192_hmi.M_720s.20141025_174800_TAI.1.magnetogram_224.png,X
2242_hmi.M_720s.20141219_111200_TAI.1.magnetogram_224.png,X
1515_hmi.M_720s.20120706_024800_TAI.1.magnetogram_224.png,X
2205_hmi.M_720s.20141106_210000_TAI.1.magnetogram_224.png,X
2192_hmi.M_720s.20141026_050000_TAI.1.magnetogram_224.png,X
2192_hmi.M_720s.20141027_004800_TAI.1.magnetogram_224.png,X
2205_hmi.M_720s.20141106_173600_TAI.1.magnetogram_224.png,X
1166_hmi.M_720s.20110309_124800_TAI.1.magnetogram_224.png,X
2192_hmi.M_720s.20141027_112400_TAI.1.magnetogram_224.png,X
2017_hmi.M_720s.20140329_103600_TAI.1.magnetogram_224.png,X
1875_hmi.M_720s.20131027_072400_TAI.1.magnetogram_224.png,X
1890_hmi.M_720s.20131107_111200_TAI.1.magnetogram_224.png,X
1158_hmi.M_720s.20110214_031200_TAI.1.magnetogram_224.png,X
2297_hmi.M_720s.20150311_114800_TAI.1.magnetogram_224.png,X
2192_hmi.M_720s.20141021_172400_TAI.1.magnetogram_224.png,X
2017_hmi.M_720s.20140329_162400_TAI.1.magnetogram_224.png,X
1520_hmi.M_720s.20120712_024800_TAI.1.magnetogram_224.png,X
1430_hmi.M_720s.20120307_000000_TAI.1.magnetogram_224.png,X
2017_hmi.M_720s.20140329_044800_TAI.1.magnetogram_224.png,X
2192_hmi.M_720s.20141027_002400_TAI.1.magnetogram_224.png,X
1890_hmi.M_720s.20131108_040000_TAI.1.magnetogram_224.png,X
2192_hmi.M_720s.20141027_021200_TAI.1.magnetogram_224.png,X
2017_hmi.M_720s.20140329_064800_TAI.1.magnetogram_224.png,X
2192_hmi.M_720s.20141024_113600_TAI.1.magnetogram_224.png,X
2192_hmi.M_720s.20141024_200000_TAI.1.magnetogram_224.png,X
2192_hmi.M_720s.20141025_021200_TAI.1.magnetogram_224.png,X
1283_hmi.M_720s.20110907_012400_TAI.1.magnetogram_224.png,X
2192_hmi.M_720s.20141022_050000_TAI.1.magnetogram_224.png,X
1890_hmi.M_720s.20131107_221200_TAI.1.magnetogram_224.png,X
2192_hmi.M_720s.20141025_082400_TAI.1.magnetogram_224.png,X
1944_hmi.M_720s.20140107_180000_TAI.1.magnetogram_224.png,X
2158_hmi.M_720s.20140909_183600_TAI.1.magnetogram_224.png,X
1515_hmi.M_720s.20120706_053600_TAI.1.magnetogram_224.png,X
2017_hmi.M_720s.20140329_060000_TAI.1.magnetogram_224.png,X
1166_hmi.M_720s.20110309_141200_TAI.1.magnetogram_224.png,X
1283_hmi.M_720s.20110907_161200_TAI.1.magnetogram_224.png,X
1166_hmi.M_720s.20110309_000000_TAI.1.magnetogram_224.png,X
2242_hmi.M_720s.20141219_212400_TAI.1.magnetogram_224.png,X
2192_hmi.M_720s.20141025_081200_TAI.1.magnetogram_224.png,X
1520_hmi.M_720s.20120712_011200_TAI.1.magnetogram_224.png,X
2192_hmi.M_720s.20141025_120000_TAI.1.magnetogram_224.png,X
2192_hmi.M_720s.20141026_032400_TAI.1.magnetogram_224.png,X
2192_hmi.M_720s.20141024_023600_TAI.1.magnetogram_224.png,X
1890_hmi.M_720s.20131107_164800_TAI.1.magnetogram_224.png,X
2192_hmi.M_720s.20141022_130000_TAI.1.magnetogram_224.png,X
2242_hmi.M_720s.20141219_050000_TAI.1.magnetogram_224.png,X
1166_hmi.M_720s.20110309_024800_TAI.1.magnetogram_224.png,X
1166_hmi.M_720s.20110309_143600_TAI.1.magnetogram_224.png,X
1520_hmi.M_720s.20120711_173600_TAI.1.magnetogram_224.png,X
1515_hmi.M_720s.20120706_150000_TAI.1.magnetogram_224.png,X
1520_hmi.M_720s.20120712_120000_TAI.1.magnetogram_224.png,X
2192_hmi.M_720s.20141022_002400_TAI.1.magnetogram_224.png,X
1166_hmi.M_720s.20110309_213600_TAI.1.magnetogram_224.png,X
2192_hmi.M_720s.20141022_040000_TAI.1.magnetogram_224.png,X
2242_hmi.M_720s.20141219_034800_TAI.1.magnetogram_224.png,X
2205_hmi.M_720s.20141107_094800_TAI.1.magnetogram_224.png,X
1890_hmi.M_720s.20131107_172400_TAI.1.magnetogram_224.png,X
2017_hmi.M_720s.20140329_030000_TAI.1.magnetogram_224.png,X
2673_hmi.M_720s.20170906_104800_TAI.3.magnetogram_224.png,X
1890_hmi.M_720s.20131109_163600_TAI.1.magnetogram_224.png,X
1166_hmi.M_720s.20110309_003600_TAI.1.magnetogram_224.png,X
1429_hmi.M_720s.20120306_061200_TAI.1.magnetogram_224.png,X
1166_hmi.M_720s.20110309_193600_TAI.1.magnetogram_224.png,X
2673_hmi.M_720s.20170905_172400_TAI.3.magnetogram_224.png,X
1158_hmi.M_720s.20110214_033600_TAI.1.magnetogram_224.png,X
1430_hmi.M_720s.20120306_073600_TAI.1.magnetogram_224.png,X
2192_hmi.M_720s.20141025_112400_TAI.1.magnetogram_224.png,X
1890_hmi.M_720s.20131109_094800_TAI.1.magnetogram_224.png,X
2017_hmi.M_720s.20140329_080000_TAI.1.magnetogram_224.png,X
1283_hmi.M_720s.20110906_164800_TAI.1.magnetogram_224.png,X
1430_hmi.M_720s.20120306_031200_TAI.1.magnetogram_224.png,X
1283_hmi.M_720s.20110907_062400_TAI.1.magnetogram_224.png,X
2192_hmi.M_720s.20141026_202400_TAI.1.magnetogram_224.png,X
1890_hmi.M_720s.20131105_150000_TAI.1.magnetogram_224.png,X
2192_hmi.M_720s.20141024_131200_TAI.1.magnetogram_224.png,X
1158_hmi.M_720s.20110214_060000_TAI.1.magnetogram_224.png,X
2192_hmi.M_720s.20141027_110000_TAI.1.magnetogram_224.png,X
2192_hmi.M_720s.20141026_203600_TAI.1.magnetogram_224.png,X
1429_hmi.M_720s.20120306_031200_TAI.1.magnetogram_224.png,X
2673_hmi.M_720s.20170907_021200_TAI.3.magnetogram_224.png,X
2192_hmi.M_720s.20141025_152400_TAI.1.magnetogram_224.png,X
1515_hmi.M_720s.20120706_230000_TAI.1.magnetogram_224.png,X
2673_hmi.M_720s.20170906_193600_TAI.3.magnetogram_224.png,X
2673_hmi.M_720s.20170905_152400_TAI.3.magnetogram_224.png,X
2192_hmi.M_720s.20141021_214800_TAI.1.magnetogram_224.png,X
2158_hmi.M_720s.20140910_000000_TAI.1.magnetogram_224.png,X
1158_hmi.M_720s.20110214_084800_TAI.1.magnetogram_224.png,X
1515_hmi.M_720s.20120706_061200_TAI.1.magnetogram_224.png,X
2017_hmi.M_720s.20140329_050000_TAI.1.magnetogram_224.png,X
1520_hmi.M_720s.20120712_021200_TAI.1.magnetogram_224.png,X
1890_hmi.M_720s.20131105_010000_TAI.1.magnetogram_224.png,X
1283_hmi.M_720s.20110906_234800_TAI.1.magnetogram_224.png,X
2297_hmi.M_720s.20150311_120000_TAI.1.magnetogram_224.png,X
2192_hmi.M_720s.20141026_154800_TAI.1.magnetogram_224.png,X
2158_hmi.M_720s.20140910_030000_TAI.1.magnetogram_224.png,X
2205_hmi.M_720s.20141107_044800_TAI.1.magnetogram_224.png,X
1429_hmi.M_720s.20120306_062400_TAI.1.magnetogram_224.png,X
1875_hmi.M_720s.20131027_133600_TAI.1.magnetogram_224.png,X
1515_hmi.M_720s.20120706_121200_TAI.1.magnetogram_224.png,X
2192_hmi.M_720s.20141022_061200_TAI.1.magnetogram_224.png,X
2673_hmi.M_720s.20170906_053600_TAI.3.magnetogram_224.png,X
1283_hmi.M_720s.20110907_134800_TAI.1.magnetogram_224.png,X
2192_hmi.M_720s.20141026_183600_TAI.1.magnetogram_224.png,X
1515_hmi.M_720s.20120706_212400_TAI.1.magnetogram_224.png,X
2673_hmi.M_720s.20170905_153600_TAI.3.magnetogram_224.png,X
1875_hmi.M_720s.20131027_143600_TAI.1.magnetogram_224.png,X
1890_hmi.M_720s.20131105_061200_TAI.1.magnetogram_224.png,X
2673_hmi.M_720s.20170905_233600_TAI.3.magnetogram_224.png,X
1890_hmi.M_720s.20131107_211200_TAI.1.magnetogram_224.png,X
1515_hmi.M_720s.20120706_130000_TAI.1.magnetogram_224.png,X
1283_hmi.M_720s.20110906_133600_TAI.1.magnetogram_224.png,X
1158_hmi.M_720s.20110214_233600_TAI.1.magnetogram_224.png,X
2242_hmi.M_720s.20141219_200000_TAI.1.magnetogram_224.png,X
1520_hmi.M_720s.20120712_123600_TAI.1.magnetogram_224.png,X
1166_hmi.M_720s.20110309_082400_TAI.1.magnetogram_224.png,X
2242_hmi.M_720s.20141219_193600_TAI.1.magnetogram_224.png,X
1515_hmi.M_720s.20120706_193600_TAI.1.magnetogram_224.png,X
1283_hmi.M_720s.20110907_221200_TAI.1.magnetogram_224.png,X
2158_hmi.M_720s.20140910_104800_TAI.1.magnetogram_224.png,X
1515_hmi.M_720s.20120706_063600_TAI.1.magnetogram_224.png,X
2192_hmi.M_720s.20141024_121200_TAI.1.magnetogram_224.png,X
1875_hmi.M_720s.20131027_024800_TAI.1.magnetogram_224.png,X
1158_hmi.M_720s.20110215_014800_TAI.1.magnetogram_224.png,X
1515_hmi.M_720s.20120706_224800_TAI.1.magnetogram_224.png,X
2673_hmi.M_720s.20170905_183600_TAI.3.magnetogram_224.png,X
1520_hmi.M_720s.20120711_180000_TAI.1.magnetogram_224.png,X
1944_hmi.M_720s.20140107_173600_TAI.1.magnetogram_224.png,X
1515_hmi.M_720s.20120706_070000_TAI.1.magnetogram_224.png,X
2673_hmi.M_720s.20170905_122400_TAI.3.magnetogram_224.png,X
1890_hmi.M_720s.20131105_050000_TAI.1.magnetogram_224.png,X
1515_hmi.M_720s.20120706_094800_TAI.1.magnetogram_224.png,X
2297_hmi.M_720s.20150311_161200_TAI.1.magnetogram_224.png,X
2192_hmi.M_720s.20141021_180000_TAI.1.magnetogram_224.png,X
1890_hmi.M_720s.20131109_124800_TAI.1.magnetogram_224.png,X
1515_hmi.M_720s.20120706_080000_TAI.1.magnetogram_224.png,X
1283_hmi.M_720s.20110907_024800_TAI.1.magnetogram_224.png,X
2205_hmi.M_720s.20141107_102400_TAI.1.magnetogram_224.png,X
1890_hmi.M_720s.20131107_112400_TAI.1.magnetogram_224.png,X
1166_hmi.M_720s.20110308_232400_TAI.1.magnetogram_224.png,X
1429_hmi.M_720s.20120306_193600_TAI.1.magnetogram_224.png,X
1166_hmi.M_720s.20110309_180000_TAI.1.magnetogram_224.png,X
2192_hmi.M_720s.20141026_054800_TAI.1.magnetogram_224.png,X
1429_hmi.M_720s.20120306_143600_TAI.1.magnetogram_224.png,X
1158_hmi.M_720s.20110214_113600_TAI.1.magnetogram_224.png,X
1429_hmi.M_720s.20120306_144800_TAI.1.magnetogram_224.png,X
1890_hmi.M_720s.20131108_031200_TAI.1.magnetogram_224.png,X
1166_hmi.M_720s.20110309_013600_TAI.1.magnetogram_224.png,X
1890_hmi.M_720s.20131108_020000_TAI.1.magnetogram_224.png,X
2192_hmi.M_720s.20141022_092400_TAI.1.magnetogram_224.png,X
2017_hmi.M_720s.20140328_203600_TAI.1.magnetogram_224.png,X
1430_hmi.M_720s.20120306_042400_TAI.1.magnetogram_224.png,X
2673_hmi.M_720s.20170905_232400_TAI.3.magnetogram_224.png,X
2297_hmi.M_720s.20150310_210000_TAI.1.magnetogram_224.png,X
2017_hmi.M_720s.20140329_031200_TAI.1.magnetogram_224.png,X
2673_hmi.M_720s.20170907_023600_TAI.3.magnetogram_224.png,X
2158_hmi.M_720s.20140910_051200_TAI.1.magnetogram_224.png,X
2017_hmi.M_720s.20140328_211200_TAI.1.magnetogram_224.png,X
2192_hmi.M_720s.20141024_061200_TAI.1.magnetogram_224.png,X
2192_hmi.M_720s.20141022_133600_TAI.1.magnetogram_224.png,X
2192_hmi.M_720s.20141025_213600_TAI.1.magnetogram_224.png,X
2192_hmi.M_720s.20141021_200000_TAI.1.magnetogram_224.png,X
2192_hmi.M_720s.20141025_154800_TAI.1.magnetogram_224.png,X
1158_hmi.M_720s.20110214_122400_TAI.1.magnetogram_224.png,X
2192_hmi.M_720s.20141027_123600_TAI.1.magnetogram_224.png,X
1158_hmi.M_720s.20110214_183600_TAI.1.magnetogram_224.png,X
2158_hmi.M_720s.20140909_193600_TAI.1.magnetogram_224.png,X
1430_hmi.M_720s.20120307_001200_TAI.1.magnetogram_224.png,X
1944_hmi.M_720s.20140107_010000_TAI.1.magnetogram_224.png,X
1944_hmi.M_720s.20140107_131200_TAI.1.magnetogram_224.png,X
2297_hmi.M_720s.20150311_103600_TAI.1.magnetogram_224.png,X
2192_hmi.M_720s.20141024_211200_TAI.1.magnetogram_224.png,X
1283_hmi.M_720s.20110906_173600_TAI.1.magnetogram_224.png,X
2673_hmi.M_720s.20170906_001200_TAI.3.magnetogram_224.png,X
1283_hmi.M_720s.20110907_172400_TAI.1.magnetogram_224.png,X
1158_hmi.M_720s.20110214_230000_TAI.1.magnetogram_224.png,X
1283_hmi.M_720s.20110906_024800_TAI.1.magnetogram_224.png,X
1515_hmi.M_720s.20120706_041200_TAI.1.magnetogram_224.png,X
1283_hmi.M_720s.20110907_131200_TAI.1.magnetogram_224.png,X
2205_hmi.M_720s.20141107_131200_TAI.1.magnetogram_224.png,X
2242_hmi.M_720s.20141219_010000_TAI.1.magnetogram_224.png,X
2192_hmi.M_720s.20141025_083600_TAI.1.magnetogram_224.png,X
1515_hmi.M_720s.20120706_140000_TAI.1.magnetogram_224.png,X
1875_hmi.M_720s.20131027_053600_TAI.1.magnetogram_224.png,X
2205_hmi.M_720s.20141107_080000_TAI.1.magnetogram_224.png,X
2192_hmi.M_720s.20141022_134800_TAI.1.magnetogram_224.png,X
1890_hmi.M_720s.20131109_130000_TAI.1.magnetogram_224.png,X
2192_hmi.M_720s.20141022_030000_TAI.1.magnetogram_224.png,X
1944_hmi.M_720s.20140107_114800_TAI.1.magnetogram_224.png,X
1429_hmi.M_720s.20120306_053600_TAI.1.magnetogram_224.png,X
1515_hmi.M_720s.20120706_214800_TAI.1.magnetogram_224.png,X
1283_hmi.M_720s.20110907_150000_TAI.1.magnetogram_224.png,X
2297_hmi.M_720s.20150310_193600_TAI.1.magnetogram_224.png,X
2192_hmi.M_720s.20141026_074800_TAI.1.magnetogram_224.png,X
2192_hmi.M_720s.20141021_192400_TAI.1.magnetogram_224.png,X
2242_hmi.M_720s.20141219_110000_TAI.1.magnetogram_224.png,X
2242_hmi.M_720s.20141219_131200_TAI.1.magnetogram_224.png,X
1158_hmi.M_720s.20110214_231200_TAI.1.magnetogram_224.png,X
2192_hmi.M_720s.20141024_180000_TAI.1.magnetogram_224.png,X
1166_hmi.M_720s.20110309_163600_TAI.1.magnetogram_224.png,X
2158_hmi.M_720s.20140909_192400_TAI.1.magnetogram_224.png,X
2017_hmi.M_720s.20140329_063600_TAI.1.magnetogram_224.png,X
1166_hmi.M_720s.20110309_230000_TAI.1.magnetogram_224.png,X
2673_hmi.M_720s.20170905_201200_TAI.3.magnetogram_224.png,X
2017_hmi.M_720s.20140329_170000_TAI.1.magnetogram_224.png,X
2017_hmi.M_720s.20140329_033600_TAI.1.magnetogram_224.png,X
1430_hmi.M_720s.20120306_160000_TAI.1.magnetogram_224.png,X
1890_hmi.M_720s.20131105_213600_TAI.1.magnetogram_224.png,X
2192_hmi.M_720s.20141022_094800_TAI.1.magnetogram_224.png,X
2192_hmi.M_720s.20141022_010000_TAI.1.magnetogram_224.png,X
1515_hmi.M_720s.20120706_102400_TAI.1.magnetogram_224.png,X
2673_hmi.M_720s.20170906_161200_TAI.3.magnetogram_224.png,X
2242_hmi.M_720s.20141219_191200_TAI.1.magnetogram_224.png,X
1166_hmi.M_720s.20110309_121200_TAI.1.magnetogram_224.png,X
1890_hmi.M_720s.20131105_111200_TAI.1.magnetogram_224.png,X
2242_hmi.M_720s.20141219_062400_TAI.1.magnetogram_224.png,X
2192_hmi.M_720s.20141024_063600_TAI.1.magnetogram_224.png,X
1429_hmi.M_720s.20120306_220000_TAI.1.magnetogram_224.png,X
1890_hmi.M_720s.20131105_020000_TAI.1.magnetogram_224.png,X
1890_hmi.M_720s.20131109_052400_TAI.1.magnetogram_224.png,X
1944_hmi.M_720s.20140106_200000_TAI.1.magnetogram_224.png,X
1283_hmi.M_720s.20110907_042400_TAI.1.magnetogram_224.png,X
2297_hmi.M_720s.20150311_011200_TAI.1.magnetogram_224.png,X
1430_hmi.M_720s.20120306_013600_TAI.1.magnetogram_224.png,X
1158_hmi.M_720s.20110214_221200_TAI.1.magnetogram_224.png,X
1944_hmi.M_720s.20140106_212400_TAI.1.magnetogram_224.png,X
1158_hmi.M_720s.20110214_040000_TAI.1.magnetogram_224.png,X
2192_hmi.M_720s.20141027_140000_TAI.1.magnetogram_224.png,X
2158_hmi.M_720s.20140909_202400_TAI.1.magnetogram_224.png,X
2192_hmi.M_720s.20141024_222400_TAI.1.magnetogram_224.png,X
1515_hmi.M_720s.20120706_023600_TAI.1.magnetogram_224.png,X
1166_hmi.M_720s.20110309_211200_TAI.1.magnetogram_224.png,X
2158_hmi.M_720s.20140910_050000_TAI.1.magnetogram_224.png,X
1890_hmi.M_720s.20131110_023600_TAI.1.magnetogram_224.png,X
1283_hmi.M_720s.20110905_233600_TAI.1.magnetogram_224.png,X
2192_hmi.M_720s.20141022_113600_TAI.1.magnetogram_224.png,X
2673_hmi.M_720s.20170907_100000_TAI.3.magnetogram_224.png,X
2192_hmi.M_720s.20141022_024800_TAI.1.magnetogram_224.png,X
1520_hmi.M_720s.20120711_231200_TAI.1.magnetogram_224.png,X
1166_hmi.M_720s.20110309_002400_TAI.1.magnetogram_224.png,X
2242_hmi.M_720s.20141219_011200_TAI.1.magnetogram_224.png,X
1429_hmi.M_720s.20120306_074800_TAI.1.magnetogram_224.png,X
2192_hmi.M_720s.20141021_144800_TAI.1.magnetogram_224.png,X
1430_hmi.M_720s.20120306_212400_TAI.1.magnetogram_224.png,X
2192_hmi.M_720s.20141021_222400_TAI.1.magnetogram_224.png,X
1890_hmi.M_720s.20131105_074800_TAI.1.magnetogram_224.png,X
2017_hmi.M_720s.20140328_213600_TAI.1.magnetogram_224.png,X
1283_hmi.M_720s.20110907_160000_TAI.1.magnetogram_224.png,X
1875_hmi.M_720s.20131027_044800_TAI.1.magnetogram_224.png,X
2673_hmi.M_720s.20170906_190000_TAI.3.magnetogram_224.png,X
1520_hmi.M_720s.20120712_022400_TAI.1.magnetogram_224.png,X
2192_hmi.M_720s.20141026_043600_TAI.1.magnetogram_224.png,X
2242_hmi.M_720s.20141219_121200_TAI.1.magnetogram_224.png,X
2205_hmi.M_720s.20141107_063600_TAI.1.magnetogram_224.png,X
1944_hmi.M_720s.20140107_123600_TAI.1.magnetogram_224.png,X
1166_hmi.M_720s.20110309_132400_TAI.1.magnetogram_224.png,X
2673_hmi.M_720s.20170905_140000_TAI.3.magnetogram_224.png,X
1283_hmi.M_720s.20110906_052400_TAI.1.magnetogram_224.png,X
2192_hmi.M_720s.20141026_201200_TAI.1.magnetogram_224.png,X
1875_hmi.M_720s.20131027_123600_TAI.1.magnetogram_224.png,X
1875_hmi.M_720s.20131027_120000_TAI.1.magnetogram_224.png,X
1166_hmi.M_720s.20110309_222400_TAI.1.magnetogram_224.png,X
2017_hmi.M_720s.20140329_130000_TAI.1.magnetogram_224.png,X
2192_hmi.M_720s.20141025_023600_TAI.1.magnetogram_224.png,X
2192_hmi.M_720s.20141024_103600_TAI.1.magnetogram_224.png,X
1283_hmi.M_720s.20110907_203600_TAI.1.magnetogram_224.png,X
1166_hmi.M_720s.20110309_200000_TAI.1.magnetogram_224.png,X
2192_hmi.M_720s.20141023_232400_TAI.1.magnetogram_224.png,X
2158_hmi.M_720s.20140909_224800_TAI.1.magnetogram_224.png,X
2192_hmi.M_720s.20141022_052400_TAI.1.magnetogram_224.png,X
1875_hmi.M_720s.20131027_090000_TAI.1.magnetogram_224.png,X
1430_hmi.M_720s.20120306_211200_TAI.1.magnetogram_224.png,X
2192_hmi.M_720s.20141025_053600_TAI.1.magnetogram_224.png,X
2205_hmi.M_720s.20141107_012400_TAI.1.magnetogram_224.png,X
2192_hmi.M_720s.20141024_140000_TAI.1.magnetogram_224.png,X
1944_hmi.M_720s.20140107_000000_TAI.1.magnetogram_224.png,X
2673_hmi.M_720s.20170906_013600_TAI.3.magnetogram_224.png,X
1429_hmi.M_720s.20120306_224800_TAI.1.magnetogram_224.png,X
1158_hmi.M_720s.20110214_202400_TAI.1.magnetogram_224.png,X
1515_hmi.M_720s.20120706_202400_TAI.1.magnetogram_224.png,X
2158_hmi.M_720s.20140910_162400_TAI.1.magnetogram_224.png,X
1890_hmi.M_720s.20131109_100000_TAI.1.magnetogram_224.png,X
2158_hmi.M_720s.20140910_042400_TAI.1.magnetogram_224.png,X
1283_hmi.M_720s.20110907_010000_TAI.1.magnetogram_224.png,X
1875_hmi.M_720s.20131027_141200_TAI.1.magnetogram_224.png,X
2205_hmi.M_720s.20141107_042400_TAI.1.magnetogram_224.png,X
1890_hmi.M_720s.20131107_180000_TAI.1.magnetogram_224.png,X
1890_hmi.M_720s.20131109_054800_TAI.1.magnetogram_224.png,X
2192_hmi.M_720s.20141024_181200_TAI.1.magnetogram_224.png,X
2192_hmi.M_720s.20141024_033600_TAI.1.magnetogram_224.png,X
2673_hmi.M_720s.20170906_183600_TAI.3.magnetogram_224.png,X
1944_hmi.M_720s.20140106_214800_TAI.1.magnetogram_224.png,X
1166_hmi.M_720s.20110309_100000_TAI.1.magnetogram_224.png,X
1890_hmi.M_720s.20131105_153600_TAI.1.magnetogram_224.png,X
2158_hmi.M_720s.20140909_203600_TAI.1.magnetogram_224.png,X
2297_hmi.M_720s.20150311_143600_TAI.1.magnetogram_224.png,X
1890_hmi.M_720s.20131107_232400_TAI.1.magnetogram_224.png,X
2158_hmi.M_720s.20140910_161200_TAI.1.magnetogram_224.png,X
1515_hmi.M_720s.20120706_032400_TAI.1.magnetogram_224.png,X
1430_hmi.M_720s.20120306_234800_TAI.1.magnetogram_224.png,X
1944_hmi.M_720s.20140106_190000_TAI.1.magnetogram_224.png,X
1158_hmi.M_720s.20110214_214800_TAI.1.magnetogram_224.png,X
1890_hmi.M_720s.20131110_003600_TAI.1.magnetogram_224.png,X
2192_hmi.M_720s.20141024_043600_TAI.1.magnetogram_224.png,X
2017_hmi.M_720s.20140328_200000_TAI.1.magnetogram_224.png,X
1890_hmi.M_720s.20131109_053600_TAI.1.magnetogram_224.png,X
2017_hmi.M_720s.20140329_140000_TAI.1.magnetogram_224.png,X
1890_hmi.M_720s.20131109_082400_TAI.1.magnetogram_224.png,X
1515_hmi.M_720s.20120706_044800_TAI.1.magnetogram_224.png,X
2673_hmi.M_720s.20170906_184800_TAI.3.magnetogram_224.png,X
1429_hmi.M_720s.20120306_042400_TAI.1.magnetogram_224.png,X
1890_hmi.M_720s.20131110_022400_TAI.1.magnetogram_224.png,X
1283_hmi.M_720s.20110906_130000_TAI.1.magnetogram_224.png,X
2192_hmi.M_720s.20141026_092400_TAI.1.magnetogram_224.png,X
2192_hmi.M_720s.20141024_173600_TAI.1.magnetogram_224.png,X
1875_hmi.M_720s.20131027_104800_TAI.1.magnetogram_224.png,X
2673_hmi.M_720s.20170905_101200_TAI.3.magnetogram_224.png,X
2192_hmi.M_720s.20141025_070000_TAI.1.magnetogram_224.png,X
2192_hmi.M_720s.20141027_071200_TAI.1.magnetogram_224.png,X
2192_hmi.M_720s.20141025_204800_TAI.1.magnetogram_224.png,X
1430_hmi.M_720s.20120306_232400_TAI.1.magnetogram_224.png,X
2192_hmi.M_720s.20141027_103600_TAI.1.magnetogram_224.png,X
1890_hmi.M_720s.20131110_032400_TAI.1.magnetogram_224.png,X
1890_hmi.M_720s.20131105_104800_TAI.1.magnetogram_224.png,X
2673_hmi.M_720s.20170907_080000_TAI.3.magnetogram_224.png,X
2158_hmi.M_720s.20140909_204800_TAI.1.magnetogram_224.png,X
1283_hmi.M_720s.20110907_213600_TAI.1.magnetogram_224.png,X
1890_hmi.M_720s.20131109_193600_TAI.1.magnetogram_224.png,X
1875_hmi.M_720s.20131027_043600_TAI.1.magnetogram_224.png,X
1944_hmi.M_720s.20140107_164800_TAI.1.magnetogram_224.png,X
1890_hmi.M_720s.20131105_184800_TAI.1.magnetogram_224.png,X
1944_hmi.M_720s.20140107_012400_TAI.1.magnetogram_224.png,X
1166_hmi.M_720s.20110309_061200_TAI.1.magnetogram_224.png,X
2017_hmi.M_720s.20140329_121200_TAI.1.magnetogram_224.png,X
1944_hmi.M_720s.20140106_221200_TAI.1.magnetogram_224.png,X
2673_hmi.M_720s.20170906_220000_TAI.3.magnetogram_224.png,X
2673_hmi.M_720s.20170906_154800_TAI.3.magnetogram_224.png,X
1429_hmi.M_720s.20120306_094800_TAI.1.magnetogram_224.png,X
2242_hmi.M_720s.20141219_182400_TAI.1.magnetogram_224.png,X
2192_hmi.M_720s.20141021_231200_TAI.1.magnetogram_224.png,X
1875_hmi.M_720s.20131027_102400_TAI.1.magnetogram_224.png,X
2192_hmi.M_720s.20141025_171200_TAI.1.magnetogram_224.png,X
1430_hmi.M_720s.20120306_054800_TAI.1.magnetogram_224.png,X
1875_hmi.M_720s.20131027_021200_TAI.1.magnetogram_224.png,X
2242_hmi.M_720s.20141220_000000_TAI.1.magnetogram_224.png,X
2673_hmi.M_720s.20170907_130000_TAI.3.magnetogram_224.png,X
1515_hmi.M_720s.20120706_204800_TAI.1.magnetogram_224.png,X
2017_hmi.M_720s.20140328_192400_TAI.1.magnetogram_224.png,X
2205_hmi.M_720s.20141107_033600_TAI.1.magnetogram_224.png,X
1515_hmi.M_720s.20120706_002400_TAI.1.magnetogram_224.png,X
2192_hmi.M_720s.20141027_101200_TAI.1.magnetogram_224.png,X
1890_hmi.M_720s.20131107_220000_TAI.1.magnetogram_224.png,X
2242_hmi.M_720s.20141219_043600_TAI.1.magnetogram_224.png,X
1875_hmi.M_720s.20131027_151200_TAI.1.magnetogram_224.png,X
2017_hmi.M_720s.20140329_034800_TAI.1.magnetogram_224.png,X
1890_hmi.M_720s.20131108_041200_TAI.1.magnetogram_224.png,X
1944_hmi.M_720s.20140106_213600_TAI.1.magnetogram_224.png,X
1520_hmi.M_720s.20120712_072400_TAI.1.magnetogram_224.png,X
2192_hmi.M_720s.20141024_184800_TAI.1.magnetogram_224.png,X
1283_hmi.M_720s.20110907_174800_TAI.1.magnetogram_224.png,X
2192_hmi.M_720s.20141022_074800_TAI.1.magnetogram_224.png,X
1875_hmi.M_720s.20131027_071200_TAI.1.magnetogram_224.png,X
2192_hmi.M_720s.20141021_193600_TAI.1.magnetogram_224.png,X
2297_hmi.M_720s.20150311_133600_TAI.1.magnetogram_224.png,X
1158_hmi.M_720s.20110214_091200_TAI.1.magnetogram_224.png,X
2192_hmi.M_720s.20141026_002400_TAI.1.magnetogram_224.png,X
2205_hmi.M_720s.20141107_020000_TAI.1.magnetogram_224.png,X
2192_hmi.M_720s.20141022_063600_TAI.1.magnetogram_224.png,X
1430_hmi.M_720s.20120306_134800_TAI.1.magnetogram_224.png,X
2673_hmi.M_720s.20170906_032400_TAI.3.magnetogram_224.png,X
1890_hmi.M_720s.20131105_203600_TAI.1.magnetogram_224.png,X
1430_hmi.M_720s.20120306_192400_TAI.1.magnetogram_224.png,X
1890_hmi.M_720s.20131109_233600_TAI.1.magnetogram_224.png,X
2192_hmi.M_720s.20141026_012400_TAI.1.magnetogram_224.png,X
2192_hmi.M_720s.20141021_151200_TAI.1.magnetogram_224.png,X
2673_hmi.M_720s.20170905_234800_TAI.3.magnetogram_224.png,X
2158_hmi.M_720s.20140909_234800_TAI.1.magnetogram_224.png,X
1283_hmi.M_720s.20110907_040000_TAI.1.magnetogram_224.png,X
1158_hmi.M_720s.20110214_204800_TAI.1.magnetogram_224.png,X
1520_hmi.M_720s.20120712_030000_TAI.1.magnetogram_224.png,X
2192_hmi.M_720s.20141024_073600_TAI.1.magnetogram_224.png,X
2297_hmi.M_720s.20150310_224800_TAI.1.magnetogram_224.png,X
2673_hmi.M_720s.20170907_140000_TAI.3.magnetogram_224.png,X
1430_hmi.M_720s.20120307_002400_TAI.1.magnetogram_224.png,X
1283_hmi.M_720s.20110907_003600_TAI.1.magnetogram_224.png,X
1158_hmi.M_720s.20110214_160000_TAI.1.magnetogram_224.png,X
2017_hmi.M_720s.20140329_074800_TAI.1.magnetogram_224.png,X
1166_hmi.M_720s.20110309_174800_TAI.1.magnetogram_224.png,X
2192_hmi.M_720s.20141026_173600_TAI.1.magnetogram_224.png,X
2017_hmi.M_720s.20140328_191200_TAI.1.magnetogram_224.png,X
2205_hmi.M_720s.20141107_121200_TAI.1.magnetogram_224.png,X
1430_hmi.M_720s.20120306_093600_TAI.1.magnetogram_224.png,X
2192_hmi.M_720s.20141025_134800_TAI.1.magnetogram_224.png,X
1520_hmi.M_720s.20120712_050000_TAI.1.magnetogram_224.png,X
2017_hmi.M_720s.20140329_043600_TAI.1.magnetogram_224.png,X
1890_hmi.M_720s.20131110_024800_TAI.1.magnetogram_224.png,X
1158_hmi.M_720s.20110215_003600_TAI.1.magnetogram_224.png,X
2192_hmi.M_720s.20141026_213600_TAI.1.magnetogram_224.png,X
1890_hmi.M_720s.20131109_063600_TAI.1.magnetogram_224.png,X
1890_hmi.M_720s.20131109_151200_TAI.1.magnetogram_224.png,X
1944_hmi.M_720s.20140107_092400_TAI.1.magnetogram_224.png,X
2242_hmi.M_720s.20141219_114800_TAI.1.magnetogram_224.png,X
2192_hmi.M_720s.20141025_001200_TAI.1.magnetogram_224.png,X
1283_hmi.M_720s.20110906_194800_TAI.1.magnetogram_224.png,X
2192_hmi.M_720s.20141027_020000_TAI.1.magnetogram_224.png,X
2673_hmi.M_720s.20170905_224800_TAI.3.magnetogram_224.png,X
1944_hmi.M_720s.20140107_062400_TAI.1.magnetogram_224.png,X
2158_hmi.M_720s.20140910_102400_TAI.1.magnetogram_224.png,X
2242_hmi.M_720s.20141219_063600_TAI.1.magnetogram_224.png,X
2192_hmi.M_720s.20141024_122400_TAI.1.magnetogram_224.png,X
1158_hmi.M_720s.20110214_211200_TAI.1.magnetogram_224.png,X
1283_hmi.M_720s.20110906_231200_TAI.1.magnetogram_224.png,X
2192_hmi.M_720s.20141026_144800_TAI.1.magnetogram_224.png,X
2297_hmi.M_720s.20150311_121200_TAI.1.magnetogram_224.png,X
1429_hmi.M_720s.20120306_083600_TAI.1.magnetogram_224.png,X
2192_hmi.M_720s.20141026_001200_TAI.1.magnetogram_224.png,X
2192_hmi.M_720s.20141027_054800_TAI.1.magnetogram_224.png,X
1158_hmi.M_720s.20110214_041200_TAI.1.magnetogram_224.png,X
2205_hmi.M_720s.20141107_051200_TAI.1.magnetogram_224.png,X
2158_hmi.M_720s.20140909_223600_TAI.1.magnetogram_224.png,X
2192_hmi.M_720s.20141026_193600_TAI.1.magnetogram_224.png,X
1890_hmi.M_720s.20131109_180000_TAI.1.magnetogram_224.png,X
1283_hmi.M_720s.20110907_093600_TAI.1.magnetogram_224.png,X
1166_hmi.M_720s.20110309_043600_TAI.1.magnetogram_224.png,X
1429_hmi.M_720s.20120306_011200_TAI.1.magnetogram_224.png,X
2192_hmi.M_720s.20141027_060000_TAI.1.magnetogram_224.png,X
2192_hmi.M_720s.20141026_062400_TAI.1.magnetogram_224.png,X
1283_hmi.M_720s.20110907_184800_TAI.1.magnetogram_224.png,X
1944_hmi.M_720s.20140106_193600_TAI.1.magnetogram_224.png,X
2673_hmi.M_720s.20170905_231200_TAI.3.magnetogram_224.png,X
1890_hmi.M_720s.20131109_201200_TAI.1.magnetogram_224.png,X
2192_hmi.M_720s.20141025_151200_TAI.1.magnetogram_224.png,X
1875_hmi.M_720s.20131027_023600_TAI.1.magnetogram_224.png,X
1520_hmi.M_720s.20120711_222400_TAI.1.magnetogram_224.png,X
2673_hmi.M_720s.20170906_200000_TAI.3.magnetogram_224.png,X
2673_hmi.M_720s.20170907_112400_TAI.3.magnetogram_224.png,X
1283_hmi.M_720s.20110907_050000_TAI.1.magnetogram_224.png,X
2192_hmi.M_720s.20141021_213600_TAI.1.magnetogram_224.png,X
2192_hmi.M_720s.20141024_022400_TAI.1.magnetogram_224.png,X
2192_hmi.M_720s.20141025_104800_TAI.1.magnetogram_224.png,X
1890_hmi.M_720s.20131110_001200_TAI.1.magnetogram_224.png,X
2192_hmi.M_720s.20141024_020000_TAI.1.magnetogram_224.png,X
1429_hmi.M_720s.20120306_102400_TAI.1.magnetogram_224.png,X
1158_hmi.M_720s.20110214_173600_TAI.1.magnetogram_224.png,X
1890_hmi.M_720s.20131107_072400_TAI.1.magnetogram_224.png,X
1283_hmi.M_720s.20110906_233600_TAI.1.magnetogram_224.png,X
2192_hmi.M_720s.20141024_094800_TAI.1.magnetogram_224.png,X
1875_hmi.M_720s.20131027_064800_TAI.1.magnetogram_224.png,X
1890_hmi.M_720s.20131107_171200_TAI.1.magnetogram_224.png,X
1166_hmi.M_720s.20110309_044800_TAI.1.magnetogram_224.png,X
2158_hmi.M_720s.20140909_190000_TAI.1.magnetogram_224.png,X
1429_hmi.M_720s.20120306_063600_TAI.1.magnetogram_224.png,X
2192_hmi.M_720s.20141026_224800_TAI.1.magnetogram_224.png,X
1890_hmi.M_720s.20131105_060000_TAI.1.magnetogram_224.png,X
2673_hmi.M_720s.20170906_224800_TAI.3.magnetogram_224.png,X
1429_hmi.M_720s.20120306_141200_TAI.1.magnetogram_224.png,X
1890_hmi.M_720s.20131105_084800_TAI.1.magnetogram_224.png,X
2192_hmi.M_720s.20141025_092400_TAI.1.magnetogram_224.png,X
2158_hmi.M_720s.20140910_130000_TAI.1.magnetogram_224.png,X
1944_hmi.M_720s.20140107_100000_TAI.1.magnetogram_224.png,X
1890_hmi.M_720s.20131105_110000_TAI.1.magnetogram_224.png,X
1515_hmi.M_720s.20120706_000000_TAI.1.magnetogram_224.png,X
2192_hmi.M_720s.20141022_083600_TAI.1.magnetogram_224.png,X
1429_hmi.M_720s.20120306_171200_TAI.1.magnetogram_224.png,X
1944_hmi.M_720s.20140107_171200_TAI.1.magnetogram_224.png,X
1944_hmi.M_720s.20140106_201200_TAI.1.magnetogram_224.png,X
2297_hmi.M_720s.20150310_233600_TAI.1.magnetogram_224.png,X
1166_hmi.M_720s.20110309_034800_TAI.1.magnetogram_224.png,X
2242_hmi.M_720s.20141219_154800_TAI.1.magnetogram_224.png,X
1158_hmi.M_720s.20110214_123600_TAI.1.magnetogram_224.png,X
2192_hmi.M_720s.20141027_102400_TAI.1.magnetogram_224.png,X
1944_hmi.M_720s.20140107_160000_TAI.1.magnetogram_224.png,X
1890_hmi.M_720s.20131107_124800_TAI.1.magnetogram_224.png,X
2205_hmi.M_720s.20141107_003600_TAI.1.magnetogram_224.png,X
1429_hmi.M_720s.20120306_140000_TAI.1.magnetogram_224.png,X
2158_hmi.M_720s.20140910_040000_TAI.1.magnetogram_224.png,X
1515_hmi.M_720s.20120706_192400_TAI.1.magnetogram_224.png,X
2158_hmi.M_720s.20140910_001200_TAI.1.magnetogram_224.png,X
1430_hmi.M_720s.20120306_094800_TAI.1.magnetogram_224.png,X
1875_hmi.M_720s.20131027_084800_TAI.1.magnetogram_224.png,X
2297_hmi.M_720s.20150311_102400_TAI.1.magnetogram_224.png,X
1430_hmi.M_720s.20120306_161200_TAI.1.magnetogram_224.png,X
1166_hmi.M_720s.20110309_221200_TAI.1.magnetogram_224.png,X
2673_hmi.M_720s.20170906_114800_TAI.3.magnetogram_224.png,X
1158_hmi.M_720s.20110214_161200_TAI.1.magnetogram_224.png,X
2297_hmi.M_720s.20150311_014800_TAI.1.magnetogram_224.png,X
1283_hmi.M_720s.20110906_092400_TAI.1.magnetogram_224.png,X
2205_hmi.M_720s.20141107_151200_TAI.1.magnetogram_224.png,X
2242_hmi.M_720s.20141219_091200_TAI.1.magnetogram_224.png,X
2192_hmi.M_720s.20141023_224800_TAI.1.magnetogram_224.png,X
1283_hmi.M_720s.20110906_211200_TAI.1.magnetogram_224.png,X
2158_hmi.M_720s.20140910_114800_TAI.1.magnetogram_224.png,X
2205_hmi.M_720s.20141107_043600_TAI.1.magnetogram_224.png,X
1875_hmi.M_720s.20131027_153600_TAI.1.magnetogram_224.png,X
2192_hmi.M_720s.20141027_130000_TAI.1.magnetogram_224.png,X
2192_hmi.M_720s.20141026_160000_TAI.1.magnetogram_224.png,X
2673_hmi.M_720s.20170905_190000_TAI.3.magnetogram_224.png,X
1890_hmi.M_720s.20131110_044800_TAI.1.magnetogram_224.png,X
2158_hmi.M_720s.20140910_154800_TAI.1.magnetogram_224.png,X
2242_hmi.M_720s.20141219_142400_TAI.1.magnetogram_224.png,X
2192_hmi.M_720s.20141022_101200_TAI.1.magnetogram_224.png,X
1430_hmi.M_720s.20120306_074800_TAI.1.magnetogram_224.png,X
1166_hmi.M_720s.20110309_113600_TAI.1.magnetogram_224.png,X
1890_hmi.M_720s.20131109_102400_TAI.1.magnetogram_224.png,X
1890_hmi.M_720s.20131110_010000_TAI.1.magnetogram_224.png,X
2242_hmi.M_720s.20141219_080000_TAI.1.magnetogram_224.png,X
2673_hmi.M_720s.20170905_212400_TAI.3.magnetogram_224.png,X
1430_hmi.M_720s.20120306_193600_TAI.1.magnetogram_224.png,X
2192_hmi.M_720s.20141025_123600_TAI.1.magnetogram_224.png,X
2205_hmi.M_720s.20141106_181200_TAI.1.magnetogram_224.png,X
2192_hmi.M_720s.20141026_090000_TAI.1.magnetogram_224.png,X
2192_hmi.M_720s.20141024_133600_TAI.1.magnetogram_224.png,X
1890_hmi.M_720s.20131107_204800_TAI.1.magnetogram_224.png,X
2192_hmi.M_720s.20141022_042400_TAI.1.magnetogram_224.png,X
2192_hmi.M_720s.20141025_200000_TAI.1.magnetogram_224.png,X
1890_hmi.M_720s.20131107_133600_TAI.1.magnetogram_224.png,X
1890_hmi.M_720s.20131107_053600_TAI.1.magnetogram_224.png,X
1430_hmi.M_720s.20120306_144800_TAI.1.magnetogram_224.png,X
1890_hmi.M_720s.20131107_123600_TAI.1.magnetogram_224.png,X
2673_hmi.M_720s.20170907_120000_TAI.3.magnetogram_224.png,X
2673_hmi.M_720s.20170907_002400_TAI.3.magnetogram_224.png,X
1430_hmi.M_720s.20120306_140000_TAI.1.magnetogram_224.png,X
2192_hmi.M_720s.20141023_223600_TAI.1.magnetogram_224.png,X
1429_hmi.M_720s.20120306_004800_TAI.1.magnetogram_224.png,X
2192_hmi.M_720s.20141021_174800_TAI.1.magnetogram_224.png,X
2017_hmi.M_720s.20140329_153600_TAI.1.magnetogram_224.png,X
1890_hmi.M_720s.20131109_234800_TAI.1.magnetogram_224.png,X
2205_hmi.M_720s.20141107_161200_TAI.1.magnetogram_224.png,X
2192_hmi.M_720s.20141021_171200_TAI.1.magnetogram_224.png,X
2242_hmi.M_720s.20141219_041200_TAI.1.magnetogram_224.png,X
1158_hmi.M_720s.20110214_131200_TAI.1.magnetogram_224.png,X
1515_hmi.M_720s.20120706_210000_TAI.1.magnetogram_224.png,X
1158_hmi.M_720s.20110214_034800_TAI.1.magnetogram_224.png,X
1283_hmi.M_720s.20110907_063600_TAI.1.magnetogram_224.png,X
1944_hmi.M_720s.20140106_222400_TAI.1.magnetogram_224.png,X
2242_hmi.M_720s.20141219_162400_TAI.1.magnetogram_224.png,X
2673_hmi.M_720s.20170906_031200_TAI.3.magnetogram_224.png,X
2158_hmi.M_720s.20140910_080000_TAI.1.magnetogram_224.png,X
1283_hmi.M_720s.20110907_153600_TAI.1.magnetogram_224.png,X
1890_hmi.M_720s.20131109_184800_TAI.1.magnetogram_224.png,X
1283_hmi.M_720s.20110906_072400_TAI.1.magnetogram_224.png,X
2673_hmi.M_720s.20170905_134800_TAI.3.magnetogram_224.png,X
1283_hmi.M_720s.20110907_130000_TAI.1.magnetogram_224.png,X
2192_hmi.M_720s.20141024_202400_TAI.1.magnetogram_224.png,X
1430_hmi.M_720s.20120306_164800_TAI.1.magnetogram_224.png,X
2192_hmi.M_720s.20141024_141200_TAI.1.magnetogram_224.png,X
2673_hmi.M_720s.20170907_081200_TAI.3.magnetogram_224.png,X
1430_hmi.M_720s.20120306_131200_TAI.1.magnetogram_224.png,X
1890_hmi.M_720s.20131108_004800_TAI.1.magnetogram_224.png,X
1875_hmi.M_720s.20131027_161200_TAI.1.magnetogram_224.png,X
1890_hmi.M_720s.20131109_093600_TAI.1.magnetogram_224.png,X
2205_hmi.M_720s.20141107_064800_TAI.1.magnetogram_224.png,X
2205_hmi.M_720s.20141107_172400_TAI.1.magnetogram_224.png,X
1166_hmi.M_720s.20110309_152400_TAI.1.magnetogram_224.png,X
1520_hmi.M_720s.20120711_221200_TAI.1.magnetogram_224.png,X
1890_hmi.M_720s.20131108_021200_TAI.1.magnetogram_224.png,X
1283_hmi.M_720s.20110905_232400_TAI.1.magnetogram_224.png,X
1875_hmi.M_720s.20131027_074800_TAI.1.magnetogram_224.png,X
1166_hmi.M_720s.20110309_051200_TAI.1.magnetogram_224.png,X
1158_hmi.M_720s.20110214_193600_TAI.1.magnetogram_224.png,X
1283_hmi.M_720s.20110907_104800_TAI.1.magnetogram_224.png,X
1283_hmi.M_720s.20110906_202400_TAI.1.magnetogram_224.png,X
2673_hmi.M_720s.20170907_033600_TAI.3.magnetogram_224.png,X
2192_hmi.M_720s.20141024_232400_TAI.1.magnetogram_224.png,X
1283_hmi.M_720s.20110907_140000_TAI.1.magnetogram_224.png,X
2673_hmi.M_720s.20170907_133600_TAI.3.magnetogram_224.png,X
1890_hmi.M_720s.20131109_214800_TAI.1.magnetogram_224.png,X
1944_hmi.M_720s.20140106_232400_TAI.1.magnetogram_224.png,X
2673_hmi.M_720s.20170907_014800_TAI.3.magnetogram_224.png,X
2673_hmi.M_720s.20170906_182400_TAI.3.magnetogram_224.png,X
1890_hmi.M_720s.20131105_174800_TAI.1.magnetogram_224.png,X
2297_hmi.M_720s.20150310_162400_TAI.1.magnetogram_224.png,X
2297_hmi.M_720s.20150311_083600_TAI.1.magnetogram_224.png,X
1283_hmi.M_720s.20110906_074800_TAI.1.magnetogram_224.png,X
2192_hmi.M_720s.20141025_163600_TAI.1.magnetogram_224.png,X
2017_hmi.M_720s.20140329_124800_TAI.1.magnetogram_224.png,X
1515_hmi.M_720s.20120706_142400_TAI.1.magnetogram_224.png,X
1520_hmi.M_720s.20120711_212400_TAI.1.magnetogram_224.png,X
2192_hmi.M_720s.20141025_210000_TAI.1.magnetogram_224.png,X
2017_hmi.M_720s.20140329_151200_TAI.1.magnetogram_224.png,X
2242_hmi.M_720s.20141219_032400_TAI.1.magnetogram_224.png,X
2192_hmi.M_720s.20141021_201200_TAI.1.magnetogram_224.png,X
1430_hmi.M_720s.20120306_124800_TAI.1.magnetogram_224.png,X
2017_hmi.M_720s.20140329_171200_TAI.1.magnetogram_224.png,X
2192_hmi.M_720s.20141024_192400_TAI.1.magnetogram_224.png,X
1166_hmi.M_720s.20110309_122400_TAI.1.magnetogram_224.png,X
2192_hmi.M_720s.20141027_073600_TAI.1.magnetogram_224.png,X
2158_hmi.M_720s.20140910_113600_TAI.1.magnetogram_224.png,X
2673_hmi.M_720s.20170906_103600_TAI.3.magnetogram_224.png,X
1520_hmi.M_720s.20120711_203600_TAI.1.magnetogram_224.png,X
1515_hmi.M_720s.20120706_060000_TAI.1.magnetogram_224.png,X
1890_hmi.M_720s.20131107_083600_TAI.1.magnetogram_224.png,X
1890_hmi.M_720s.20131105_004800_TAI.1.magnetogram_224.png,X
1520_hmi.M_720s.20120712_003600_TAI.1.magnetogram_224.png,X
2673_hmi.M_720s.20170907_012400_TAI.3.magnetogram_224.png,X
2192_hmi.M_720s.20141023_221200_TAI.1.magnetogram_224.png,X
1520_hmi.M_720s.20120712_004800_TAI.1.magnetogram_224.png,X
1890_hmi.M_720s.20131109_164800_TAI.1.magnetogram_224.png,X
1166_hmi.M_720s.20110309_081200_TAI.1.magnetogram_224.png,X
1520_hmi.M_720s.20120711_191200_TAI.1.magnetogram_224.png,X
2017_hmi.M_720s.20140329_173600_TAI.1.magnetogram_224.png,X
1283_hmi.M_720s.20110906_021200_TAI.1.magnetogram_224.png,X
2297_hmi.M_720s.20150310_184800_TAI.1.magnetogram_224.png,X
1515_hmi.M_720s.20120706_153600_TAI.1.magnetogram_224.png,X
2192_hmi.M_720s.20141026_010000_TAI.1.magnetogram_224.png,X
2192_hmi.M_720s.20141022_112400_TAI.1.magnetogram_224.png,X
2192_hmi.M_720s.20141026_034800_TAI.1.magnetogram_224.png,X
1515_hmi.M_720s.20120706_021200_TAI.1.magnetogram_224.png,X
2673_hmi.M_720s.20170906_054800_TAI.3.magnetogram_224.png,X
2673_hmi.M_720s.20170906_172400_TAI.3.magnetogram_224.png,X
1890_hmi.M_720s.20131109_173600_TAI.1.magnetogram_224.png,X
2242_hmi.M_720s.20141219_103600_TAI.1.magnetogram_224.png,X
1944_hmi.M_720s.20140107_084800_TAI.1.magnetogram_224.png,X
1520_hmi.M_720s.20120712_162400_TAI.1.magnetogram_224.png,X
2297_hmi.M_720s.20150311_124800_TAI.1.magnetogram_224.png,X
1520_hmi.M_720s.20120712_031200_TAI.1.magnetogram_224.png,X
2192_hmi.M_720s.20141025_193600_TAI.1.magnetogram_224.png,X
2673_hmi.M_720s.20170907_031200_TAI.3.magnetogram_224.png,X
2192_hmi.M_720s.20141024_014800_TAI.1.magnetogram_224.png,X
2017_hmi.M_720s.20140328_210000_TAI.1.magnetogram_224.png,X
1890_hmi.M_720s.20131108_034800_TAI.1.magnetogram_224.png,X
1875_hmi.M_720s.20131027_034800_TAI.1.magnetogram_224.png,X
2017_hmi.M_720s.20140329_142400_TAI.1.magnetogram_224.png,X
2673_hmi.M_720s.20170906_231200_TAI.3.magnetogram_224.png,X
1430_hmi.M_720s.20120306_190000_TAI.1.magnetogram_224.png,X
2017_hmi.M_720s.20140329_001200_TAI.1.magnetogram_224.png,X
1890_hmi.M_720s.20131107_182400_TAI.1.magnetogram_224.png,X
2192_hmi.M_720s.20141022_000000_TAI.1.magnetogram_224.png,X
1515_hmi.M_720s.20120706_022400_TAI.1.magnetogram_224.png,X
2205_hmi.M_720s.20141107_031200_TAI.1.magnetogram_224.png,X
2192_hmi.M_720s.20141023_234800_TAI.1.magnetogram_224.png,X
2192_hmi.M_720s.20141021_212400_TAI.1.magnetogram_224.png,X
2242_hmi.M_720s.20141219_181200_TAI.1.magnetogram_224.png,X
1890_hmi.M_720s.20131105_120000_TAI.1.magnetogram_224.png,X
1166_hmi.M_720s.20110309_053600_TAI.1.magnetogram_224.png,X
1890_hmi.M_720s.20131109_172400_TAI.1.magnetogram_224.png,X
2242_hmi.M_720s.20141219_124800_TAI.1.magnetogram_224.png,X
2158_hmi.M_720s.20140910_031200_TAI.1.magnetogram_224.png,X
1890_hmi.M_720s.20131105_011200_TAI.1.magnetogram_224.png,X
1890_hmi.M_720s.20131105_134800_TAI.1.magnetogram_224.png,X
1166_hmi.M_720s.20110309_182400_TAI.1.magnetogram_224.png,X
2192_hmi.M_720s.20141027_013600_TAI.1.magnetogram_224.png,X
2017_hmi.M_720s.20140329_101200_TAI.1.magnetogram_224.png,X
2673_hmi.M_720s.20170906_010000_TAI.3.magnetogram_224.png,X
2205_hmi.M_720s.20141107_050000_TAI.1.magnetogram_224.png,X
2158_hmi.M_720s.20140910_033600_TAI.1.magnetogram_224.png,X
1429_hmi.M_720s.20120306_034800_TAI.1.magnetogram_224.png,X
2192_hmi.M_720s.20141025_022400_TAI.1.magnetogram_224.png,X
2673_hmi.M_720s.20170905_192400_TAI.3.magnetogram_224.png,X
1158_hmi.M_720s.20110214_162400_TAI.1.magnetogram_224.png,X
1890_hmi.M_720s.20131105_113600_TAI.1.magnetogram_224.png,X
2242_hmi.M_720s.20141219_194800_TAI.1.magnetogram_224.png,X
1890_hmi.M_720s.20131105_160000_TAI.1.magnetogram_224.png,X
1890_hmi.M_720s.20131108_002400_TAI.1.magnetogram_224.png,X
2205_hmi.M_720s.20141107_061200_TAI.1.magnetogram_224.png,X
1890_hmi.M_720s.20131107_201200_TAI.1.magnetogram_224.png,X
1283_hmi.M_720s.20110906_080000_TAI.1.magnetogram_224.png,X
1944_hmi.M_720s.20140107_093600_TAI.1.magnetogram_224.png,X
2205_hmi.M_720s.20141106_182400_TAI.1.magnetogram_224.png,X
2297_hmi.M_720s.20150311_044800_TAI.1.magnetogram_224.png,X
1283_hmi.M_720s.20110907_111200_TAI.1.magnetogram_224.png,X
1283_hmi.M_720s.20110907_051200_TAI.1.magnetogram_224.png,X
2192_hmi.M_720s.20141024_174800_TAI.1.magnetogram_224.png,X
1520_hmi.M_720s.20120712_121200_TAI.1.magnetogram_224.png,X
1283_hmi.M_720s.20110906_150000_TAI.1.magnetogram_224.png,X
2673_hmi.M_720s.20170907_024800_TAI.3.magnetogram_224.png,X
1875_hmi.M_720s.20131027_031200_TAI.1.magnetogram_224.png,X
2158_hmi.M_720s.20140910_153600_TAI.1.magnetogram_224.png,X
2673_hmi.M_720s.20170905_194800_TAI.3.magnetogram_224.png,X
2673_hmi.M_720s.20170905_091200_TAI.3.magnetogram_224.png,X
1430_hmi.M_720s.20120307_010000_TAI.1.magnetogram_224.png,X
1283_hmi.M_720s.20110906_200000_TAI.1.magnetogram_224.png,X
2242_hmi.M_720s.20141219_143600_TAI.1.magnetogram_224.png,X
1283_hmi.M_720s.20110907_000000_TAI.1.magnetogram_224.png,X
2673_hmi.M_720s.20170907_010000_TAI.3.magnetogram_224.png,X
1890_hmi.M_720s.20131109_183600_TAI.1.magnetogram_224.png,X
2673_hmi.M_720s.20170906_090000_TAI.3.magnetogram_224.png,X
1430_hmi.M_720s.20120306_091200_TAI.1.magnetogram_224.png,X
1283_hmi.M_720s.20110907_211200_TAI.1.magnetogram_224.png,X
1158_hmi.M_720s.20110214_134800_TAI.1.magnetogram_224.png,X
1283_hmi.M_720s.20110907_110000_TAI.1.magnetogram_224.png,X
2673_hmi.M_720s.20170905_161200_TAI.3.magnetogram_224.png,X
1430_hmi.M_720s.20120306_152400_TAI.1.magnetogram_224.png,X
2192_hmi.M_720s.20141021_203600_TAI.1.magnetogram_224.png,X
2192_hmi.M_720s.20141025_130000_TAI.1.magnetogram_224.png,X
2192_hmi.M_720s.20141024_090000_TAI.1.magnetogram_224.png,X
1158_hmi.M_720s.20110214_090000_TAI.1.magnetogram_224.png,X
1890_hmi.M_720s.20131109_230000_TAI.1.magnetogram_224.png,X
1520_hmi.M_720s.20120712_144800_TAI.1.magnetogram_224.png,X
1283_hmi.M_720s.20110907_064800_TAI.1.magnetogram_224.png,X
2192_hmi.M_720s.20141024_021200_TAI.1.magnetogram_224.png,X
1166_hmi.M_720s.20110309_134800_TAI.1.magnetogram_224.png,X
2192_hmi.M_720s.20141022_043600_TAI.1.magnetogram_224.png,X
1283_hmi.M_720s.20110906_051200_TAI.1.magnetogram_224.png,X
1283_hmi.M_720s.20110906_172400_TAI.1.magnetogram_224.png,X
1283_hmi.M_720s.20110907_001200_TAI.1.magnetogram_224.png,X
1430_hmi.M_720s.20120306_114800_TAI.1.magnetogram_224.png,X
1283_hmi.M_720s.20110906_012400_TAI.1.magnetogram_224.png,X
1890_hmi.M_720s.20131105_170000_TAI.1.magnetogram_224.png,X
2192_hmi.M_720s.20141025_074800_TAI.1.magnetogram_224.png,X
1520_hmi.M_720s.20120712_110000_TAI.1.magnetogram_224.png,X
1430_hmi.M_720s.20120306_063600_TAI.1.magnetogram_224.png,X
2017_hmi.M_720s.20140329_122400_TAI.1.magnetogram_224.png,X
2192_hmi.M_720s.20141025_223600_TAI.1.magnetogram_224.png,X
1875_hmi.M_720s.20131027_110000_TAI.1.magnetogram_224.png,X
1890_hmi.M_720s.20131105_211200_TAI.1.magnetogram_224.png,X
1283_hmi.M_720s.20110907_183600_TAI.1.magnetogram_224.png,X
1520_hmi.M_720s.20120712_080000_TAI.1.magnetogram_224.png,X
1890_hmi.M_720s.20131109_103600_TAI.1.magnetogram_224.png,X
2297_hmi.M_720s.20150310_182400_TAI.1.magnetogram_224.png,X
1283_hmi.M_720s.20110907_081200_TAI.1.magnetogram_224.png,X
1429_hmi.M_720s.20120306_043600_TAI.1.magnetogram_224.png,X
2673_hmi.M_720s.20170905_144800_TAI.3.magnetogram_224.png,X
2017_hmi.M_720s.20140329_164800_TAI.1.magnetogram_224.png,X
1430_hmi.M_720s.20120306_060000_TAI.1.magnetogram_224.png,X
2205_hmi.M_720s.20141107_114800_TAI.1.magnetogram_224.png,X
1520_hmi.M_720s.20120712_033600_TAI.1.magnetogram_224.png,X
2673_hmi.M_720s.20170906_214800_TAI.3.magnetogram_224.png,X
1890_hmi.M_720s.20131105_173600_TAI.1.magnetogram_224.png,X
2242_hmi.M_720s.20141219_214800_TAI.1.magnetogram_224.png,X
2242_hmi.M_720s.20141219_230000_TAI.1.magnetogram_224.png,X
1890_hmi.M_720s.20131110_051200_TAI.1.magnetogram_224.png,X
2158_hmi.M_720s.20140910_152400_TAI.1.magnetogram_224.png,X
2673_hmi.M_720s.20170906_100000_TAI.3.magnetogram_224.png,X
1890_hmi.M_720s.20131107_160000_TAI.1.magnetogram_224.png,X
1890_hmi.M_720s.20131110_000000_TAI.1.magnetogram_224.png,X
2673_hmi.M_720s.20170906_120000_TAI.3.magnetogram_224.png,X
1890_hmi.M_720s.20131107_052400_TAI.1.magnetogram_224.png,X
1429_hmi.M_720s.20120306_200000_TAI.1.magnetogram_224.png,X
1429_hmi.M_720s.20120306_060000_TAI.1.magnetogram_224.png,X
1944_hmi.M_720s.20140107_124800_TAI.1.magnetogram_224.png,X
1283_hmi.M_720s.20110907_173600_TAI.1.magnetogram_224.png,X
1890_hmi.M_720s.20131109_090000_TAI.1.magnetogram_224.png,X
2017_hmi.M_720s.20140329_052400_TAI.1.magnetogram_224.png,X
1166_hmi.M_720s.20110309_092400_TAI.1.magnetogram_224.png,X
1890_hmi.M_720s.20131107_224800_TAI.1.magnetogram_224.png,X
2673_hmi.M_720s.20170905_223600_TAI.3.magnetogram_224.png,X
1890_hmi.M_720s.20131107_223600_TAI.1.magnetogram_224.png,X
2192_hmi.M_720s.20141026_070000_TAI.1.magnetogram_224.png,X
2192_hmi.M_720s.20141026_234800_TAI.1.magnetogram_224.png,X
2297_hmi.M_720s.20150310_194800_TAI.1.magnetogram_224.png,X
2205_hmi.M_720s.20141106_220000_TAI.1.magnetogram_224.png,X
2242_hmi.M_720s.20141219_172400_TAI.1.magnetogram_224.png,X
2673_hmi.M_720s.20170907_041200_TAI.3.magnetogram_224.png,X
2673_hmi.M_720s.20170905_164800_TAI.3.magnetogram_224.png,X
2242_hmi.M_720s.20141219_051200_TAI.1.magnetogram_224.png,X
2192_hmi.M_720s.20141025_012400_TAI.1.magnetogram_224.png,X
2673_hmi.M_720s.20170907_131200_TAI.3.magnetogram_224.png,X
1944_hmi.M_720s.20140107_153600_TAI.1.magnetogram_224.png,X
1944_hmi.M_720s.20140107_060000_TAI.1.magnetogram_224.png,X
2242_hmi.M_720s.20141219_061200_TAI.1.magnetogram_224.png,X
1283_hmi.M_720s.20110906_141200_TAI.1.magnetogram_224.png,X
2192_hmi.M_720s.20141027_124800_TAI.1.magnetogram_224.png,X
1283_hmi.M_720s.20110906_032400_TAI.1.magnetogram_224.png,X
2017_hmi.M_720s.20140329_002400_TAI.1.magnetogram_224.png,X
1158_hmi.M_720s.20110214_232400_TAI.1.magnetogram_224.png,X
2158_hmi.M_720s.20140909_232400_TAI.1.magnetogram_224.png,X
1890_hmi.M_720s.20131109_070000_TAI.1.magnetogram_224.png,X
1515_hmi.M_720s.20120706_154800_TAI.1.magnetogram_224.png,X
1283_hmi.M_720s.20110906_123600_TAI.1.magnetogram_224.png,X
2673_hmi.M_720s.20170905_222400_TAI.3.magnetogram_224.png,X
2673_hmi.M_720s.20170906_222400_TAI.3.magnetogram_224.png,X
1166_hmi.M_720s.20110309_093600_TAI.1.magnetogram_224.png,X
2205_hmi.M_720s.20141107_134800_TAI.1.magnetogram_224.png,X
2158_hmi.M_720s.20140910_100000_TAI.1.magnetogram_224.png,X
1166_hmi.M_720s.20110309_010000_TAI.1.magnetogram_224.png,X
2673_hmi.M_720s.20170906_083600_TAI.3.magnetogram_224.png,X
1520_hmi.M_720s.20120712_092400_TAI.1.magnetogram_224.png,X
1890_hmi.M_720s.20131109_064800_TAI.1.magnetogram_224.png,X
1158_hmi.M_720s.20110214_203600_TAI.1.magnetogram_224.png,X
2192_hmi.M_720s.20141025_190000_TAI.1.magnetogram_224.png,X
2158_hmi.M_720s.20140910_173600_TAI.1.magnetogram_224.png,X
1283_hmi.M_720s.20110907_121200_TAI.1.magnetogram_224.png,X
1430_hmi.M_720s.20120306_061200_TAI.1.magnetogram_224.png,X
2158_hmi.M_720s.20140909_194800_TAI.1.magnetogram_224.png,X
1520_hmi.M_720s.20120712_164800_TAI.1.magnetogram_224.png,X
2242_hmi.M_720s.20141219_210000_TAI.1.magnetogram_224.png,X
2192_hmi.M_720s.20141021_202400_TAI.1.magnetogram_224.png,X
1944_hmi.M_720s.20140107_034800_TAI.1.magnetogram_224.png,X
1944_hmi.M_720s.20140107_181200_TAI.1.magnetogram_224.png,X
1283_hmi.M_720s.20110907_020000_TAI.1.magnetogram_224.png,X
1515_hmi.M_720s.20120706_050000_TAI.1.magnetogram_224.png,X
2192_hmi.M_720s.20141025_043600_TAI.1.magnetogram_224.png,X
2242_hmi.M_720s.20141219_223600_TAI.1.magnetogram_224.png,X
1520_hmi.M_720s.20120712_081200_TAI.1.magnetogram_224.png,X
2192_hmi.M_720s.20141022_080000_TAI.1.magnetogram_224.png,X
2192_hmi.M_720s.20141021_143600_TAI.1.magnetogram_224.png,X
2242_hmi.M_720s.20141219_024800_TAI.1.magnetogram_224.png,X
2192_hmi.M_720s.20141021_150000_TAI.1.magnetogram_224.png,X
2242_hmi.M_720s.20141219_204800_TAI.1.magnetogram_224.png,X
1890_hmi.M_720s.20131109_221200_TAI.1.magnetogram_224.png,X
1890_hmi.M_720s.20131109_204800_TAI.1.magnetogram_224.png,X
1429_hmi.M_720s.20120306_223600_TAI.1.magnetogram_224.png,X
2297_hmi.M_720s.20150310_221200_TAI.1.magnetogram_224.png,X
2158_hmi.M_720s.20140910_172400_TAI.1.magnetogram_224.png,X
1166_hmi.M_720s.20110309_050000_TAI.1.magnetogram_224.png,X
2205_hmi.M_720s.20141106_193600_TAI.1.magnetogram_224.png,X
2205_hmi.M_720s.20141107_052400_TAI.1.magnetogram_224.png,X
2158_hmi.M_720s.20140910_151200_TAI.1.magnetogram_224.png,X
1166_hmi.M_720s.20110308_233600_TAI.1.magnetogram_224.png,X
2297_hmi.M_720s.20150311_042400_TAI.1.magnetogram_224.png,X
2192_hmi.M_720s.20141021_173600_TAI.1.magnetogram_224.png,X
2017_hmi.M_720s.20140329_070000_TAI.1.magnetogram_224.png,X
1158_hmi.M_720s.20110214_072400_TAI.1.magnetogram_224.png,X
2673_hmi.M_720s.20170907_000000_TAI.3.magnetogram_224.png,X
1890_hmi.M_720s.20131109_211200_TAI.1.magnetogram_224.png,X
2192_hmi.M_720s.20141026_170000_TAI.1.magnetogram_224.png,X
2192_hmi.M_720s.20141027_040000_TAI.1.magnetogram_224.png,X
1520_hmi.M_720s.20120712_073600_TAI.1.magnetogram_224.png,X
1890_hmi.M_720s.20131107_144800_TAI.1.magnetogram_224.png,X
2205_hmi.M_720s.20141106_223600_TAI.1.magnetogram_224.png,X
2673_hmi.M_720s.20170905_103600_TAI.3.magnetogram_224.png,X
2017_hmi.M_720s.20140328_212400_TAI.1.magnetogram_224.png,X
1158_hmi.M_720s.20110214_080000_TAI.1.magnetogram_224.png,X
1283_hmi.M_720s.20110906_140000_TAI.1.magnetogram_224.png,X
1890_hmi.M_720s.20131107_050000_TAI.1.magnetogram_224.png,X
2192_hmi.M_720s.20141027_122400_TAI.1.magnetogram_224.png,X
1429_hmi.M_720s.20120306_114800_TAI.1.magnetogram_224.png,X
2192_hmi.M_720s.20141024_203600_TAI.1.magnetogram_224.png,X
1520_hmi.M_720s.20120712_053600_TAI.1.magnetogram_224.png,X
1429_hmi.M_720s.20120306_120000_TAI.1.magnetogram_224.png,X
2192_hmi.M_720s.20141027_001200_TAI.1.magnetogram_224.png,X
1890_hmi.M_720s.20131105_051200_TAI.1.magnetogram_224.png,X
1166_hmi.M_720s.20110309_110000_TAI.1.magnetogram_224.png,X
2297_hmi.M_720s.20150310_203600_TAI.1.magnetogram_224.png,X
1430_hmi.M_720s.20120306_214800_TAI.1.magnetogram_224.png,X
1520_hmi.M_720s.20120712_161200_TAI.1.magnetogram_224.png,X
1283_hmi.M_720s.20110907_090000_TAI.1.magnetogram_224.png,X
1166_hmi.M_720s.20110309_183600_TAI.1.magnetogram_224.png,X
1944_hmi.M_720s.20140107_163600_TAI.1.magnetogram_224.png,X
2205_hmi.M_720s.20141107_040000_TAI.1.magnetogram_224.png,X
1430_hmi.M_720s.20120306_202400_TAI.1.magnetogram_224.png,X
2192_hmi.M_720s.20141027_053600_TAI.1.magnetogram_224.png,X
2192_hmi.M_720s.20141022_100000_TAI.1.magnetogram_224.png,X
2192_hmi.M_720s.20141025_094800_TAI.1.magnetogram_224.png,X
1158_hmi.M_720s.20110214_153600_TAI.1.magnetogram_224.png,X
1158_hmi.M_720s.20110215_004800_TAI.1.magnetogram_224.png,X
1520_hmi.M_720s.20120712_111200_TAI.1.magnetogram_224.png,X
1944_hmi.M_720s.20140107_120000_TAI.1.magnetogram_224.png,X
2242_hmi.M_720s.20141219_101200_TAI.1.magnetogram_224.png,X
2192_hmi.M_720s.20141026_093600_TAI.1.magnetogram_224.png,X
1430_hmi.M_720s.20120306_180000_TAI.1.magnetogram_224.png,X
2192_hmi.M_720s.20141022_051200_TAI.1.magnetogram_224.png,X
2205_hmi.M_720s.20141107_090000_TAI.1.magnetogram_224.png,X
2673_hmi.M_720s.20170906_110000_TAI.3.magnetogram_224.png,X
1890_hmi.M_720s.20131107_154800_TAI.1.magnetogram_224.png,X
1430_hmi.M_720s.20120306_123600_TAI.1.magnetogram_224.png,X
1158_hmi.M_720s.20110214_151200_TAI.1.magnetogram_224.png,X
2297_hmi.M_720s.20150310_230000_TAI.1.magnetogram_224.png,X
2192_hmi.M_720s.20141021_220000_TAI.1.magnetogram_224.png,X
1890_hmi.M_720s.20131107_110000_TAI.1.magnetogram_224.png,X
2297_hmi.M_720s.20150311_122400_TAI.1.magnetogram_224.png,X
1429_hmi.M_720s.20120306_192400_TAI.1.magnetogram_224.png,X
1429_hmi.M_720s.20120306_020000_TAI.1.magnetogram_224.png,X
1890_hmi.M_720s.20131108_022400_TAI.1.magnetogram_224.png,X
1283_hmi.M_720s.20110906_010000_TAI.1.magnetogram_224.png,X
2192_hmi.M_720s.20141022_011200_TAI.1.magnetogram_224.png,X
2017_hmi.M_720s.20140329_053600_TAI.1.magnetogram_224.png,X
2017_hmi.M_720s.20140329_111200_TAI.1.magnetogram_224.png,X
2242_hmi.M_720s.20141219_202400_TAI.1.magnetogram_224.png,X
1875_hmi.M_720s.20131027_093600_TAI.1.magnetogram_224.png,X
2297_hmi.M_720s.20150311_090000_TAI.1.magnetogram_224.png,X
2158_hmi.M_720s.20140910_082400_TAI.1.magnetogram_224.png,X
1166_hmi.M_720s.20110309_144800_TAI.1.magnetogram_224.png,X
2017_hmi.M_720s.20140329_011200_TAI.1.magnetogram_224.png,X
2242_hmi.M_720s.20141219_060000_TAI.1.magnetogram_224.png,X
1520_hmi.M_720s.20120712_000000_TAI.1.magnetogram_224.png,X
1890_hmi.M_720s.20131105_144800_TAI.1.magnetogram_224.png,X
2192_hmi.M_720s.20141024_201200_TAI.1.magnetogram_224.png,X
1166_hmi.M_720s.20110309_133600_TAI.1.magnetogram_224.png,X
1944_hmi.M_720s.20140107_024800_TAI.1.magnetogram_224.png,X
2192_hmi.M_720s.20141026_064800_TAI.1.magnetogram_224.png,X
2192_hmi.M_720s.20141025_180000_TAI.1.magnetogram_224.png,X
2017_hmi.M_720s.20140328_202400_TAI.1.magnetogram_224.png,X
2192_hmi.M_720s.20141025_000000_TAI.1.magnetogram_224.png,X
2017_hmi.M_720s.20140329_112400_TAI.1.magnetogram_224.png,X
2297_hmi.M_720s.20150310_183600_TAI.1.magnetogram_224.png,X
2297_hmi.M_720s.20150311_110000_TAI.1.magnetogram_224.png,X
1283_hmi.M_720s.20110907_052400_TAI.1.magnetogram_224.png,X
2192_hmi.M_720s.20141021_230000_TAI.1.magnetogram_224.png,X
1158_hmi.M_720s.20110214_142400_TAI.1.magnetogram_224.png,X
1429_hmi.M_720s.20120306_033600_TAI.1.magnetogram_224.png,X
2242_hmi.M_720s.20141219_173600_TAI.1.magnetogram_224.png,X
1158_hmi.M_720s.20110214_063600_TAI.1.magnetogram_224.png,X
1890_hmi.M_720s.20131109_203600_TAI.1.magnetogram_224.png,X
1283_hmi.M_720s.20110907_014800_TAI.1.magnetogram_224.png,X
1515_hmi.M_720s.20120706_014800_TAI.1.magnetogram_224.png,X
1429_hmi.M_720s.20120306_161200_TAI.1.magnetogram_224.png,X
1890_hmi.M_720s.20131108_001200_TAI.1.magnetogram_224.png,X
1890_hmi.M_720s.20131105_073600_TAI.1.magnetogram_224.png,X
2192_hmi.M_720s.20141025_232400_TAI.1.magnetogram_224.png,X
2192_hmi.M_720s.20141025_113600_TAI.1.magnetogram_224.png,X
1515_hmi.M_720s.20120706_113600_TAI.1.magnetogram_224.png,X
2242_hmi.M_720s.20141219_020000_TAI.1.magnetogram_224.png,X
1944_hmi.M_720s.20140107_110000_TAI.1.magnetogram_224.png,X
1890_hmi.M_720s.20131105_042400_TAI.1.magnetogram_224.png,X
1890_hmi.M_720s.20131105_012400_TAI.1.magnetogram_224.png,X
1890_hmi.M_720s.20131107_122400_TAI.1.magnetogram_224.png,X
1875_hmi.M_720s.20131027_051200_TAI.1.magnetogram_224.png,X
1890_hmi.M_720s.20131109_081200_TAI.1.magnetogram_224.png,X
1520_hmi.M_720s.20120711_192400_TAI.1.magnetogram_224.png,X
2673_hmi.M_720s.20170906_094800_TAI.3.magnetogram_224.png,X
1890_hmi.M_720s.20131109_061200_TAI.1.magnetogram_224.png,X
2192_hmi.M_720s.20141025_201200_TAI.1.magnetogram_224.png,X
1890_hmi.M_720s.20131109_174800_TAI.1.magnetogram_224.png,X
1890_hmi.M_720s.20131105_204800_TAI.1.magnetogram_224.png,X
1166_hmi.M_720s.20110309_012400_TAI.1.magnetogram_224.png,X
2192_hmi.M_720s.20141026_094800_TAI.1.magnetogram_224.png,X
1890_hmi.M_720s.20131105_191200_TAI.1.magnetogram_224.png,X
1158_hmi.M_720s.20110214_133600_TAI.1.magnetogram_224.png,X
1890_hmi.M_720s.20131107_091200_TAI.1.magnetogram_224.png,X
2205_hmi.M_720s.20141107_060000_TAI.1.magnetogram_224.png,X
1515_hmi.M_720s.20120706_062400_TAI.1.magnetogram_224.png,X
1875_hmi.M_720s.20131027_030000_TAI.1.magnetogram_224.png,X
2192_hmi.M_720s.20141026_040000_TAI.1.magnetogram_224.png,X
2673_hmi.M_720s.20170906_044800_TAI.3.magnetogram_224.png,X
1890_hmi.M_720s.20131105_102400_TAI.1.magnetogram_224.png,X
2297_hmi.M_720s.20150311_032400_TAI.1.magnetogram_224.png,X
2192_hmi.M_720s.20141025_064800_TAI.1.magnetogram_224.png,X
1890_hmi.M_720s.20131107_141200_TAI.1.magnetogram_224.png,X
2017_hmi.M_720s.20140328_184800_TAI.1.magnetogram_224.png,X
1520_hmi.M_720s.20120712_102400_TAI.1.magnetogram_224.png,X
1430_hmi.M_720s.20120306_200000_TAI.1.magnetogram_224.png,X
1430_hmi.M_720s.20120306_113600_TAI.1.magnetogram_224.png,X
1875_hmi.M_720s.20131027_113600_TAI.1.magnetogram_224.png,X
1890_hmi.M_720s.20131108_003600_TAI.1.magnetogram_224.png,X
2192_hmi.M_720s.20141024_171200_TAI.1.magnetogram_224.png,X
2017_hmi.M_720s.20140329_132400_TAI.1.magnetogram_224.png,X
2673_hmi.M_720s.20170906_233600_TAI.3.magnetogram_224.png,X
1515_hmi.M_720s.20120706_110000_TAI.1.magnetogram_224.png,X
2192_hmi.M_720s.20141026_181200_TAI.1.magnetogram_224.png,X
1890_hmi.M_720s.20131107_064800_TAI.1.magnetogram_224.png,X
2158_hmi.M_720s.20140909_180000_TAI.1.magnetogram_224.png,X
2017_hmi.M_720s.20140329_054800_TAI.1.magnetogram_224.png,X
1166_hmi.M_720s.20110309_004800_TAI.1.magnetogram_224.png,X
1429_hmi.M_720s.20120306_064800_TAI.1.magnetogram_224.png,X
1283_hmi.M_720s.20110907_073600_TAI.1.magnetogram_224.png,X
2158_hmi.M_720s.20140910_122400_TAI.1.magnetogram_224.png,X
1158_hmi.M_720s.20110214_184800_TAI.1.magnetogram_224.png,X
2192_hmi.M_720s.20141022_032400_TAI.1.magnetogram_224.png,X
1166_hmi.M_720s.20110309_062400_TAI.1.magnetogram_224.png,X
2673_hmi.M_720s.20170906_201200_TAI.3.magnetogram_224.png,X
1890_hmi.M_720s.20131105_000000_TAI.1.magnetogram_224.png,X
1429_hmi.M_720s.20120306_164800_TAI.1.magnetogram_224.png,X
1430_hmi.M_720s.20120306_220000_TAI.1.magnetogram_224.png,X
2192_hmi.M_720s.20141027_090000_TAI.1.magnetogram_224.png,X
2242_hmi.M_720s.20141219_072400_TAI.1.magnetogram_224.png,X
2205_hmi.M_720s.20141106_202400_TAI.1.magnetogram_224.png,X
2205_hmi.M_720s.20141107_171200_TAI.1.magnetogram_224.png,X
2192_hmi.M_720s.20141022_073600_TAI.1.magnetogram_224.png,X
2192_hmi.M_720s.20141024_030000_TAI.1.magnetogram_224.png,X
2017_hmi.M_720s.20140329_134800_TAI.1.magnetogram_224.png,X
1875_hmi.M_720s.20131027_154800_TAI.1.magnetogram_224.png,X
2673_hmi.M_720s.20170906_223600_TAI.3.magnetogram_224.png,X
2205_hmi.M_720s.20141106_191200_TAI.1.magnetogram_224.png,X
2205_hmi.M_720s.20141106_194800_TAI.1.magnetogram_224.png,X
2205_hmi.M_720s.20141107_164800_TAI.1.magnetogram_224.png,X
2673_hmi.M_720s.20170905_120000_TAI.3.magnetogram_224.png,X
1429_hmi.M_720s.20120306_100000_TAI.1.magnetogram_224.png,X
2192_hmi.M_720s.20141024_012400_TAI.1.magnetogram_224.png,X
2242_hmi.M_720s.20141219_040000_TAI.1.magnetogram_224.png,X
2205_hmi.M_720s.20141107_093600_TAI.1.magnetogram_224.png,X
2192_hmi.M_720s.20141021_223600_TAI.1.magnetogram_224.png,X
2297_hmi.M_720s.20150310_171200_TAI.1.magnetogram_224.png,X
1158_hmi.M_720s.20110214_140000_TAI.1.magnetogram_224.png,X
1890_hmi.M_720s.20131108_030000_TAI.1.magnetogram_224.png,X
1944_hmi.M_720s.20140107_104800_TAI.1.magnetogram_224.png,X
2205_hmi.M_720s.20141107_163600_TAI.1.magnetogram_224.png,X
1944_hmi.M_720s.20140107_122400_TAI.1.magnetogram_224.png,X
2205_hmi.M_720s.20141107_142400_TAI.1.magnetogram_224.png,X
2242_hmi.M_720s.20141219_064800_TAI.1.magnetogram_224.png,X
1890_hmi.M_720s.20131109_114800_TAI.1.magnetogram_224.png,X
2673_hmi.M_720s.20170907_054800_TAI.3.magnetogram_224.png,X
2192_hmi.M_720s.20141021_154800_TAI.1.magnetogram_224.png,X
2192_hmi.M_720s.20141024_183600_TAI.1.magnetogram_224.png,X
1283_hmi.M_720s.20110906_210000_TAI.1.magnetogram_224.png,X
2673_hmi.M_720s.20170907_113600_TAI.3.magnetogram_224.png,X
2192_hmi.M_720s.20141022_122400_TAI.1.magnetogram_224.png,X
1166_hmi.M_720s.20110309_022400_TAI.1.magnetogram_224.png,X
2192_hmi.M_720s.20141022_123600_TAI.1.magnetogram_224.png,X
2192_hmi.M_720s.20141024_060000_TAI.1.magnetogram_224.png,X
2192_hmi.M_720s.20141022_044800_TAI.1.magnetogram_224.png,X
2192_hmi.M_720s.20141027_034800_TAI.1.magnetogram_224.png,X
2192_hmi.M_720s.20141027_032400_TAI.1.magnetogram_224.png,X
1283_hmi.M_720s.20110907_021200_TAI.1.magnetogram_224.png,X
1515_hmi.M_720s.20120706_191200_TAI.1.magnetogram_224.png,X
2205_hmi.M_720s.20141106_230000_TAI.1.magnetogram_224.png,X
1520_hmi.M_720s.20120712_141200_TAI.1.magnetogram_224.png,X
1283_hmi.M_720s.20110906_232400_TAI.1.magnetogram_224.png,X
1875_hmi.M_720s.20131027_101200_TAI.1.magnetogram_224.png,X
2205_hmi.M_720s.20141106_201200_TAI.1.magnetogram_224.png,X
1890_hmi.M_720s.20131107_152400_TAI.1.magnetogram_224.png,X
1890_hmi.M_720s.20131105_114800_TAI.1.magnetogram_224.png,X
1166_hmi.M_720s.20110309_011200_TAI.1.magnetogram_224.png,X
1515_hmi.M_720s.20120706_043600_TAI.1.magnetogram_224.png,X
1890_hmi.M_720s.20131109_080000_TAI.1.magnetogram_224.png,X
1283_hmi.M_720s.20110907_152400_TAI.1.magnetogram_224.png,X
1166_hmi.M_720s.20110309_164800_TAI.1.magnetogram_224.png,X
1890_hmi.M_720s.20131109_152400_TAI.1.magnetogram_224.png,X
1890_hmi.M_720s.20131110_012400_TAI.1.magnetogram_224.png,X
2017_hmi.M_720s.20140328_180000_TAI.1.magnetogram_224.png,X
1890_hmi.M_720s.20131105_152400_TAI.1.magnetogram_224.png,X
2673_hmi.M_720s.20170905_141200_TAI.3.magnetogram_224.png,X
1890_hmi.M_720s.20131109_111200_TAI.1.magnetogram_224.png,X
1890_hmi.M_720s.20131107_061200_TAI.1.magnetogram_224.png,X
1429_hmi.M_720s.20120306_040000_TAI.1.magnetogram_224.png,X
1890_hmi.M_720s.20131107_051200_TAI.1.magnetogram_224.png,X
1890_hmi.M_720s.20131107_081200_TAI.1.magnetogram_224.png,X
1890_hmi.M_720s.20131110_011200_TAI.1.magnetogram_224.png,X
2673_hmi.M_720s.20170907_050000_TAI.3.magnetogram_224.png,X
1890_hmi.M_720s.20131109_191200_TAI.1.magnetogram_224.png,X
2205_hmi.M_720s.20141107_001200_TAI.1.magnetogram_224.png,X
2205_hmi.M_720s.20141106_234800_TAI.1.magnetogram_224.png,X
1302_hmi.M_720s.20110924_093600_TAI.1.magnetogram_224.png,X
1429_hmi.M_720s.20120306_230000_TAI.1.magnetogram_224.png,X
2158_hmi.M_720s.20140910_123600_TAI.1.magnetogram_224.png,X
2297_hmi.M_720s.20150310_172400_TAI.1.magnetogram_224.png,X
1890_hmi.M_720s.20131107_100000_TAI.1.magnetogram_224.png,X
2192_hmi.M_720s.20141024_154800_TAI.1.magnetogram_224.png,X
1166_hmi.M_720s.20110309_030000_TAI.1.magnetogram_224.png,X
2192_hmi.M_720s.20141025_033600_TAI.1.magnetogram_224.png,X
1166_hmi.M_720s.20110309_103600_TAI.1.magnetogram_224.png,X
2192_hmi.M_720s.20141026_221200_TAI.1.magnetogram_224.png,X
2192_hmi.M_720s.20141026_163600_TAI.1.magnetogram_224.png,X
1429_hmi.M_720s.20120306_124800_TAI.1.magnetogram_224.png,X
1429_hmi.M_720s.20120306_221200_TAI.1.magnetogram_224.png,X
1944_hmi.M_720s.20140107_133600_TAI.1.magnetogram_224.png,X
2192_hmi.M_720s.20141024_221200_TAI.1.magnetogram_224.png,X
1283_hmi.M_720s.20110906_111200_TAI.1.magnetogram_224.png,X
1890_hmi.M_720s.20131107_174800_TAI.1.magnetogram_224.png,X
1283_hmi.M_720s.20110906_142400_TAI.1.magnetogram_224.png,X
2205_hmi.M_720s.20141107_092400_TAI.1.magnetogram_224.png,X
2297_hmi.M_720s.20150311_131200_TAI.1.magnetogram_224.png,X
2673_hmi.M_720s.20170905_112400_TAI.3.magnetogram_224.png,X
2297_hmi.M_720s.20150311_104800_TAI.1.magnetogram_224.png,X
2192_hmi.M_720s.20141026_190000_TAI.1.magnetogram_224.png,X
1283_hmi.M_720s.20110906_094800_TAI.1.magnetogram_224.png,X
2205_hmi.M_720s.20141107_053600_TAI.1.magnetogram_224.png,X
2205_hmi.M_720s.20141107_122400_TAI.1.magnetogram_224.png,X
1430_hmi.M_720s.20120306_133600_TAI.1.magnetogram_224.png,X
1890_hmi.M_720s.20131105_080000_TAI.1.magnetogram_224.png,X
2673_hmi.M_720s.20170906_074800_TAI.3.magnetogram_224.png,X
1875_hmi.M_720s.20131027_162400_TAI.1.magnetogram_224.png,X
1944_hmi.M_720s.20140107_144800_TAI.1.magnetogram_224.png,X
2192_hmi.M_720s.20141025_084800_TAI.1.magnetogram_224.png,X
2192_hmi.M_720s.20141023_214800_TAI.1.magnetogram_224.png,X
1890_hmi.M_720s.20131109_150000_TAI.1.magnetogram_224.png,X
2192_hmi.M_720s.20141027_033600_TAI.1.magnetogram_224.png,X
2158_hmi.M_720s.20140910_092400_TAI.1.magnetogram_224.png,X
1875_hmi.M_720s.20131027_160000_TAI.1.magnetogram_224.png,X
1430_hmi.M_720s.20120306_082400_TAI.1.magnetogram_224.png,X
2192_hmi.M_720s.20141022_120000_TAI.1.magnetogram_224.png,X
1158_hmi.M_720s.20110214_051200_TAI.1.magnetogram_224.png,X
1283_hmi.M_720s.20110907_074800_TAI.1.magnetogram_224.png,X
2205_hmi.M_720s.20141107_032400_TAI.1.magnetogram_224.png,X
2673_hmi.M_720s.20170905_184800_TAI.3.magnetogram_224.png,X
1430_hmi.M_720s.20120306_182400_TAI.1.magnetogram_224.png,X
2017_hmi.M_720s.20140329_100000_TAI.1.magnetogram_224.png,X
2205_hmi.M_720s.20141106_212400_TAI.1.magnetogram_224.png,X
1890_hmi.M_720s.20131105_094800_TAI.1.magnetogram_224.png,X
1283_hmi.M_720s.20110907_114800_TAI.1.magnetogram_224.png,X
2192_hmi.M_720s.20141026_212400_TAI.1.magnetogram_224.png,X
2205_hmi.M_720s.20141106_232400_TAI.1.magnetogram_224.png,X
1890_hmi.M_720s.20131107_170000_TAI.1.magnetogram_224.png,X
1166_hmi.M_720s.20110309_171200_TAI.1.magnetogram_224.png,X
1944_hmi.M_720s.20140107_141200_TAI.1.magnetogram_224.png,X
2673_hmi.M_720s.20170906_151200_TAI.3.magnetogram_224.png,X
1890_hmi.M_720s.20131109_194800_TAI.1.magnetogram_224.png,X
2242_hmi.M_720s.20141219_102400_TAI.1.magnetogram_224.png,X
1520_hmi.M_720s.20120712_051200_TAI.1.magnetogram_224.png,X
2192_hmi.M_720s.20141026_233600_TAI.1.magnetogram_224.png,X
2673_hmi.M_720s.20170905_220000_TAI.3.magnetogram_224.png,X
1944_hmi.M_720s.20140107_074800_TAI.1.magnetogram_224.png,X
1166_hmi.M_720s.20110309_023600_TAI.1.magnetogram_224.png,X
2192_hmi.M_720s.20141024_050000_TAI.1.magnetogram_224.png,X
1166_hmi.M_720s.20110309_184800_TAI.1.magnetogram_224.png,X
1430_hmi.M_720s.20120306_083600_TAI.1.magnetogram_224.png,X
1283_hmi.M_720s.20110906_203600_TAI.1.magnetogram_224.png,X
2205_hmi.M_720s.20141107_084800_TAI.1.magnetogram_224.png,X
1515_hmi.M_720s.20120706_034800_TAI.1.magnetogram_224.png,X
2192_hmi.M_720s.20141026_082400_TAI.1.magnetogram_224.png,X
1520_hmi.M_720s.20120712_133600_TAI.1.magnetogram_224.png,X
1515_hmi.M_720s.20120706_164800_TAI.1.magnetogram_224.png,X
1430_hmi.M_720s.20120306_081200_TAI.1.magnetogram_224.png,X
1515_hmi.M_720s.20120706_174800_TAI.1.magnetogram_224.png,X
1890_hmi.M_720s.20131109_224800_TAI.1.magnetogram_224.png,X
2673_hmi.M_720s.20170906_004800_TAI.3.magnetogram_224.png,X
2192_hmi.M_720s.20141024_101200_TAI.1.magnetogram_224.png,X
1890_hmi.M_720s.20131105_171200_TAI.1.magnetogram_224.png,X
1520_hmi.M_720s.20120711_223600_TAI.1.magnetogram_224.png,X
2192_hmi.M_720s.20141021_164800_TAI.1.magnetogram_224.png,X
1158_hmi.M_720s.20110214_194800_TAI.1.magnetogram_224.png,X
2158_hmi.M_720s.20140910_034800_TAI.1.magnetogram_224.png,X
2673_hmi.M_720s.20170905_230000_TAI.3.magnetogram_224.png,X
1166_hmi.M_720s.20110309_111200_TAI.1.magnetogram_224.png,X
2673_hmi.M_720s.20170907_042400_TAI.3.magnetogram_224.png,X
2192_hmi.M_720s.20141024_093600_TAI.1.magnetogram_224.png,X
1283_hmi.M_720s.20110907_123600_TAI.1.magnetogram_224.png,X
2158_hmi.M_720s.20140909_201200_TAI.1.magnetogram_224.png,X
1890_hmi.M_720s.20131107_210000_TAI.1.magnetogram_224.png,X
1429_hmi.M_720s.20120306_050000_TAI.1.magnetogram_224.png,X
1283_hmi.M_720s.20110907_212400_TAI.1.magnetogram_224.png,X
2017_hmi.M_720s.20140329_022400_TAI.1.magnetogram_224.png,X
2158_hmi.M_720s.20140910_091200_TAI.1.magnetogram_224.png,X
2673_hmi.M_720s.20170905_093600_TAI.3.magnetogram_224.png,X
2205_hmi.M_720s.20141107_014800_TAI.1.magnetogram_224.png,X
2297_hmi.M_720s.20150311_002400_TAI.1.magnetogram_224.png,X
2017_hmi.M_720s.20140329_160000_TAI.1.magnetogram_224.png,X
2192_hmi.M_720s.20141026_192400_TAI.1.magnetogram_224.png,X
2205_hmi.M_720s.20141106_180000_TAI.1.magnetogram_224.png,X
1520_hmi.M_720s.20120712_100000_TAI.1.magnetogram_224.png,X
2017_hmi.M_720s.20140328_234800_TAI.1.magnetogram_224.png,X
1890_hmi.M_720s.20131109_141200_TAI.1.magnetogram_224.png,X
2192_hmi.M_720s.20141027_030000_TAI.1.magnetogram_224.png,X
1515_hmi.M_720s.20120706_030000_TAI.1.magnetogram_224.png,X
2242_hmi.M_720s.20141219_213600_TAI.1.magnetogram_224.png,X
2242_hmi.M_720s.20141219_112400_TAI.1.magnetogram_224.png,X
2192_hmi.M_720s.20141027_031200_TAI.1.magnetogram_224.png,X
2205_hmi.M_720s.20141106_204800_TAI.1.magnetogram_224.png,X
1158_hmi.M_720s.20110215_011200_TAI.1.magnetogram_224.png,X
1875_hmi.M_720s.20131027_112400_TAI.1.magnetogram_224.png,X
1890_hmi.M_720s.20131107_194800_TAI.1.magnetogram_224.png,X
2192_hmi.M_720s.20141024_132400_TAI.1.magnetogram_224.png,X
1890_hmi.M_720s.20131105_172400_TAI.1.magnetogram_224.png,X
1944_hmi.M_720s.20140107_101200_TAI.1.magnetogram_224.png,X
2158_hmi.M_720s.20140910_110000_TAI.1.magnetogram_224.png,X
2673_hmi.M_720s.20170906_170000_TAI.3.magnetogram_224.png,X
2192_hmi.M_720s.20141026_011200_TAI.1.magnetogram_224.png,X
1283_hmi.M_720s.20110906_124800_TAI.1.magnetogram_224.png,X
1890_hmi.M_720s.20131105_002400_TAI.1.magnetogram_224.png,X
2192_hmi.M_720s.20141021_194800_TAI.1.magnetogram_224.png,X
1429_hmi.M_720s.20120306_133600_TAI.1.magnetogram_224.png,X
1158_hmi.M_720s.20110214_030000_TAI.1.magnetogram_224.png,X
1944_hmi.M_720s.20140107_041200_TAI.1.magnetogram_224.png,X
1429_hmi.M_720s.20120306_211200_TAI.1.magnetogram_224.png,X
1520_hmi.M_720s.20120711_170000_TAI.1.magnetogram_224.png,X
1166_hmi.M_720s.20110309_052400_TAI.1.magnetogram_224.png,X
2192_hmi.M_720s.20141024_124800_TAI.1.magnetogram_224.png,X
2158_hmi.M_720s.20140910_144800_TAI.1.magnetogram_224.png,X
1890_hmi.M_720s.20131109_231200_TAI.1.magnetogram_224.png,X
1515_hmi.M_720s.20120706_004800_TAI.1.magnetogram_224.png,X
1944_hmi.M_720s.20140107_044800_TAI.1.magnetogram_224.png,X
1430_hmi.M_720s.20120306_080000_TAI.1.magnetogram_224.png,X
2242_hmi.M_720s.20141219_044800_TAI.1.magnetogram_224.png,X
2192_hmi.M_720s.20141021_191200_TAI.1.magnetogram_224.png,X
1515_hmi.M_720s.20120706_183600_TAI.1.magnetogram_224.png,X
1890_hmi.M_720s.20131109_182400_TAI.1.magnetogram_224.png,X
1890_hmi.M_720s.20131107_070000_TAI.1.magnetogram_224.png,X
2192_hmi.M_720s.20141026_231200_TAI.1.magnetogram_224.png,X
1429_hmi.M_720s.20120306_213600_TAI.1.magnetogram_224.png,X
2192_hmi.M_720s.20141027_092400_TAI.1.magnetogram_224.png,X
1515_hmi.M_720s.20120706_170000_TAI.1.magnetogram_224.png,X
2673_hmi.M_720s.20170906_024800_TAI.3.magnetogram_224.png,X
2017_hmi.M_720s.20140329_123600_TAI.1.magnetogram_224.png,X
2192_hmi.M_720s.20141026_022400_TAI.1.magnetogram_224.png,X
2192_hmi.M_720s.20141025_192400_TAI.1.magnetogram_224.png,X
2242_hmi.M_720s.20141219_084800_TAI.1.magnetogram_224.png,X
1283_hmi.M_720s.20110905_223600_TAI.1.magnetogram_224.png,X
2673_hmi.M_720s.20170906_082400_TAI.3.magnetogram_224.png,X
2673_hmi.M_720s.20170907_132400_TAI.3.magnetogram_224.png,X
1430_hmi.M_720s.20120306_174800_TAI.1.magnetogram_224.png,X
1430_hmi.M_720s.20120306_033600_TAI.1.magnetogram_224.png,X
1158_hmi.M_720s.20110214_043600_TAI.1.magnetogram_224.png,X
2673_hmi.M_720s.20170906_181200_TAI.3.magnetogram_224.png,X
1429_hmi.M_720s.20120306_051200_TAI.1.magnetogram_224.png,X
2242_hmi.M_720s.20141219_054800_TAI.1.magnetogram_224.png,X
1875_hmi.M_720s.20131027_082400_TAI.1.magnetogram_224.png,X
2158_hmi.M_720s.20140910_134800_TAI.1.magnetogram_224.png,X
1430_hmi.M_720s.20120306_020000_TAI.1.magnetogram_224.png,X
2158_hmi.M_720s.20140909_200000_TAI.1.magnetogram_224.png,X
1429_hmi.M_720s.20120306_122400_TAI.1.magnetogram_224.png,X
1429_hmi.M_720s.20120306_180000_TAI.1.magnetogram_224.png,X
1430_hmi.M_720s.20120306_230000_TAI.1.magnetogram_224.png,X
2673_hmi.M_720s.20170907_003600_TAI.3.magnetogram_224.png,X
2192_hmi.M_720s.20141026_072400_TAI.1.magnetogram_224.png,X
2205_hmi.M_720s.20141107_054800_TAI.1.magnetogram_224.png,X
1890_hmi.M_720s.20131109_120000_TAI.1.magnetogram_224.png,X
2192_hmi.M_720s.20141027_042400_TAI.1.magnetogram_224.png,X
2192_hmi.M_720s.20141024_123600_TAI.1.magnetogram_224.png,X
2192_hmi.M_720s.20141027_003600_TAI.1.magnetogram_224.png,X
1890_hmi.M_720s.20131105_044800_TAI.1.magnetogram_224.png,X
2192_hmi.M_720s.20141026_071200_TAI.1.magnetogram_224.png,X
2192_hmi.M_720s.20141021_221200_TAI.1.magnetogram_224.png,X
2242_hmi.M_720s.20141219_004800_TAI.1.magnetogram_224.png,X
1875_hmi.M_720s.20131027_142400_TAI.1.magnetogram_224.png,X
2297_hmi.M_720s.20150311_034800_TAI.1.magnetogram_224.png,X
1429_hmi.M_720s.20120306_203600_TAI.1.magnetogram_224.png,X
1283_hmi.M_720s.20110907_034800_TAI.1.magnetogram_224.png,X
1890_hmi.M_720s.20131105_052400_TAI.1.magnetogram_224.png,X
2673_hmi.M_720s.20170906_160000_TAI.3.magnetogram_224.png,X
1430_hmi.M_720s.20120306_014800_TAI.1.magnetogram_224.png,X
2192_hmi.M_720s.20141027_062400_TAI.1.magnetogram_224.png,X
1890_hmi.M_720s.20131105_034800_TAI.1.magnetogram_224.png,X
1515_hmi.M_720s.20120706_001200_TAI.1.magnetogram_224.png,X
2192_hmi.M_720s.20141027_000000_TAI.1.magnetogram_224.png,X
2192_hmi.M_720s.20141025_010000_TAI.1.magnetogram_224.png,X
1890_hmi.M_720s.20131107_093600_TAI.1.magnetogram_224.png,X
1158_hmi.M_720s.20110214_174800_TAI.1.magnetogram_224.png,X
2205_hmi.M_720s.20141106_192400_TAI.1.magnetogram_224.png,X
2017_hmi.M_720s.20140329_102400_TAI.1.magnetogram_224.png,X
1430_hmi.M_720s.20120306_132400_TAI.1.magnetogram_224.png,X
1166_hmi.M_720s.20110309_212400_TAI.1.magnetogram_224.png,X
1283_hmi.M_720s.20110907_133600_TAI.1.magnetogram_224.png,X
2192_hmi.M_720s.20141025_160000_TAI.1.magnetogram_224.png,X
2205_hmi.M_720s.20141107_024800_TAI.1.magnetogram_224.png,X
1515_hmi.M_720s.20120706_083600_TAI.1.magnetogram_224.png,X
1944_hmi.M_720s.20140106_202400_TAI.1.magnetogram_224.png,X
1515_hmi.M_720s.20120706_092400_TAI.1.magnetogram_224.png,X
1430_hmi.M_720s.20120306_100000_TAI.1.magnetogram_224.png,X
1429_hmi.M_720s.20120306_212400_TAI.1.magnetogram_224.png,X
1166_hmi.M_720s.20110309_101200_TAI.1.magnetogram_224.png,X
2242_hmi.M_720s.20141219_021200_TAI.1.magnetogram_224.png,X
2673_hmi.M_720s.20170907_141200_TAI.3.magnetogram_224.png,X
2297_hmi.M_720s.20150311_021200_TAI.1.magnetogram_224.png,X
2297_hmi.M_720s.20150311_041200_TAI.1.magnetogram_224.png,X
1520_hmi.M_720s.20120711_181200_TAI.1.magnetogram_224.png,X
1875_hmi.M_720s.20131027_103600_TAI.1.magnetogram_224.png,X
1429_hmi.M_720s.20120306_112400_TAI.1.magnetogram_224.png,X
2192_hmi.M_720s.20141023_220000_TAI.1.magnetogram_224.png,X
2017_hmi.M_720s.20140329_014800_TAI.1.magnetogram_224.png,X
2205_hmi.M_720s.20141107_110000_TAI.1.magnetogram_224.png,X
2017_hmi.M_720s.20140329_163600_TAI.1.magnetogram_224.png,X
2192_hmi.M_720s.20141021_183600_TAI.1.magnetogram_224.png,X
2297_hmi.M_720s.20150310_174800_TAI.1.magnetogram_224.png,X
1283_hmi.M_720s.20110906_014800_TAI.1.magnetogram_224.png,X
2192_hmi.M_720s.20141026_101200_TAI.1.magnetogram_224.png,X
2673_hmi.M_720s.20170905_124800_TAI.3.magnetogram_224.png,X
1283_hmi.M_720s.20110906_163600_TAI.1.magnetogram_224.png,X
2192_hmi.M_720s.20141021_152400_TAI.1.magnetogram_224.png,X
2017_hmi.M_720s.20140329_071200_TAI.1.magnetogram_224.png,X
1283_hmi.M_720s.20110907_181200_TAI.1.magnetogram_224.png,X
2158_hmi.M_720s.20140909_233600_TAI.1.magnetogram_224.png,X
2192_hmi.M_720s.20141025_140000_TAI.1.magnetogram_224.png,X
1283_hmi.M_720s.20110905_231200_TAI.1.magnetogram_224.png,X
1890_hmi.M_720s.20131107_102400_TAI.1.magnetogram_224.png,X
1166_hmi.M_720s.20110309_073600_TAI.1.magnetogram_224.png,X
1429_hmi.M_720s.20120306_160000_TAI.1.magnetogram_224.png,X
2205_hmi.M_720s.20141106_174800_TAI.1.magnetogram_224.png,X
1520_hmi.M_720s.20120711_172400_TAI.1.magnetogram_224.png,X
1515_hmi.M_720s.20120706_190000_TAI.1.magnetogram_224.png,X
1515_hmi.M_720s.20120706_052400_TAI.1.magnetogram_224.png,X
1166_hmi.M_720s.20110309_142400_TAI.1.magnetogram_224.png,X
2205_hmi.M_720s.20141107_154800_TAI.1.magnetogram_224.png,X
1520_hmi.M_720s.20120712_041200_TAI.1.magnetogram_224.png,X
1283_hmi.M_720s.20110906_224800_TAI.1.magnetogram_224.png,X
2242_hmi.M_720s.20141219_151200_TAI.1.magnetogram_224.png,X
2673_hmi.M_720s.20170907_121200_TAI.3.magnetogram_224.png,X
1890_hmi.M_720s.20131109_160000_TAI.1.magnetogram_224.png,X
2192_hmi.M_720s.20141027_023600_TAI.1.magnetogram_224.png,X
2192_hmi.M_720s.20141026_171200_TAI.1.magnetogram_224.png,X
2192_hmi.M_720s.20141025_181200_TAI.1.magnetogram_224.png,X
1429_hmi.M_720s.20120306_131200_TAI.1.magnetogram_224.png,X
1890_hmi.M_720s.20131107_233600_TAI.1.magnetogram_224.png,X
2192_hmi.M_720s.20141021_170000_TAI.1.magnetogram_224.png,X
2673_hmi.M_720s.20170906_023600_TAI.3.magnetogram_224.png,X
1944_hmi.M_720s.20140106_194800_TAI.1.magnetogram_224.png,X
1890_hmi.M_720s.20131107_113600_TAI.1.magnetogram_224.png,X
1283_hmi.M_720s.20110907_180000_TAI.1.magnetogram_224.png,X
2297_hmi.M_720s.20150310_214800_TAI.1.magnetogram_224.png,X
1158_hmi.M_720s.20110214_121200_TAI.1.magnetogram_224.png,X
1890_hmi.M_720s.20131107_130000_TAI.1.magnetogram_224.png,X
1520_hmi.M_720s.20120711_204800_TAI.1.magnetogram_224.png,X
1890_hmi.M_720s.20131107_131200_TAI.1.magnetogram_224.png,X
2192_hmi.M_720s.20141025_131200_TAI.1.magnetogram_224.png,X
1283_hmi.M_720s.20110906_043600_TAI.1.magnetogram_224.png,X
2242_hmi.M_720s.20141219_100000_TAI.1.magnetogram_224.png,X
2673_hmi.M_720s.20170907_044800_TAI.3.magnetogram_224.png,X
1875_hmi.M_720s.20131027_062400_TAI.1.magnetogram_224.png,X
2297_hmi.M_720s.20150311_130000_TAI.1.magnetogram_224.png,X
1890_hmi.M_720s.20131109_101200_TAI.1.magnetogram_224.png,X
1166_hmi.M_720s.20110309_160000_TAI.1.magnetogram_224.png,X
2242_hmi.M_720s.20141219_014800_TAI.1.magnetogram_224.png,X
2673_hmi.M_720s.20170906_163600_TAI.3.magnetogram_224.png,X
2297_hmi.M_720s.20150311_010000_TAI.1.magnetogram_224.png,X
1890_hmi.M_720s.20131109_104800_TAI.1.magnetogram_224.png,X
1283_hmi.M_720s.20110907_142400_TAI.1.magnetogram_224.png,X
2192_hmi.M_720s.20141027_012400_TAI.1.magnetogram_224.png,X
2673_hmi.M_720s.20170905_154800_TAI.3.magnetogram_224.png,X
1166_hmi.M_720s.20110309_203600_TAI.1.magnetogram_224.png,X
2205_hmi.M_720s.20141107_100000_TAI.1.magnetogram_224.png,X
1283_hmi.M_720s.20110906_162400_TAI.1.magnetogram_224.png,X
1283_hmi.M_720s.20110906_022400_TAI.1.magnetogram_224.png,X
1430_hmi.M_720s.20120306_111200_TAI.1.magnetogram_224.png,X
1890_hmi.M_720s.20131105_053600_TAI.1.magnetogram_224.png,X
2673_hmi.M_720s.20170906_202400_TAI.3.magnetogram_224.png,X
1429_hmi.M_720s.20120306_153600_TAI.1.magnetogram_224.png,X
1158_hmi.M_720s.20110214_120000_TAI.1.magnetogram_224.png,X
2192_hmi.M_720s.20141024_013600_TAI.1.magnetogram_224.png,X
2192_hmi.M_720s.20141025_011200_TAI.1.magnetogram_224.png,X
2192_hmi.M_720s.20141021_233600_TAI.1.magnetogram_224.png,X
2205_hmi.M_720s.20141106_224800_TAI.1.magnetogram_224.png,X
1520_hmi.M_720s.20120712_043600_TAI.1.magnetogram_224.png,X
2017_hmi.M_720s.20140328_221200_TAI.1.magnetogram_224.png,X
1890_hmi.M_720s.20131107_080000_TAI.1.magnetogram_224.png,X
2205_hmi.M_720s.20141106_184800_TAI.1.magnetogram_224.png,X
1430_hmi.M_720s.20120306_104800_TAI.1.magnetogram_224.png,X
2205_hmi.M_720s.20141107_133600_TAI.1.magnetogram_224.png,X
2242_hmi.M_720s.20141219_201200_TAI.1.magnetogram_224.png,X
2297_hmi.M_720s.20150310_191200_TAI.1.magnetogram_224.png,X
2192_hmi.M_720s.20141027_100000_TAI.1.magnetogram_224.png,X
2205_hmi.M_720s.20141107_011200_TAI.1.magnetogram_224.png,X
1166_hmi.M_720s.20110309_064800_TAI.1.magnetogram_224.png,X
1890_hmi.M_720s.20131107_090000_TAI.1.magnetogram_224.png,X
1890_hmi.M_720s.20131105_212400_TAI.1.magnetogram_224.png,X
1890_hmi.M_720s.20131107_162400_TAI.1.magnetogram_224.png,X
2158_hmi.M_720s.20140909_221200_TAI.1.magnetogram_224.png,X
1944_hmi.M_720s.20140107_182400_TAI.1.magnetogram_224.png,X
1515_hmi.M_720s.20120706_090000_TAI.1.magnetogram_224.png,X
2673_hmi.M_720s.20170907_104800_TAI.3.magnetogram_224.png,X
1944_hmi.M_720s.20140107_161200_TAI.1.magnetogram_224.png,X
1429_hmi.M_720s.20120306_003600_TAI.1.magnetogram_224.png,X
1283_hmi.M_720s.20110906_100000_TAI.1.magnetogram_224.png,X
2242_hmi.M_720s.20141219_081200_TAI.1.magnetogram_224.png,X
1890_hmi.M_720s.20131109_212400_TAI.1.magnetogram_224.png,X
1283_hmi.M_720s.20110907_022400_TAI.1.magnetogram_224.png,X
1166_hmi.M_720s.20110309_123600_TAI.1.magnetogram_224.png,X
1283_hmi.M_720s.20110907_083600_TAI.1.magnetogram_224.png,X
2192_hmi.M_720s.20141025_034800_TAI.1.magnetogram_224.png,X
1166_hmi.M_720s.20110308_234800_TAI.1.magnetogram_224.png,X
1429_hmi.M_720s.20120306_101200_TAI.1.magnetogram_224.png,X
1429_hmi.M_720s.20120306_202400_TAI.1.magnetogram_224.png,X
1166_hmi.M_720s.20110309_074800_TAI.1.magnetogram_224.png,X
1520_hmi.M_720s.20120712_132400_TAI.1.magnetogram_224.png,X
2192_hmi.M_720s.20141026_232400_TAI.1.magnetogram_224.png,X
1283_hmi.M_720s.20110906_093600_TAI.1.magnetogram_224.png,X
2673_hmi.M_720s.20170907_102400_TAI.3.magnetogram_224.png,X
1283_hmi.M_720s.20110907_070000_TAI.1.magnetogram_224.png,X
1429_hmi.M_720s.20120306_110000_TAI.1.magnetogram_224.png,X
2673_hmi.M_720s.20170906_030000_TAI.3.magnetogram_224.png,X
2297_hmi.M_720s.20150310_200000_TAI.1.magnetogram_224.png,X
2192_hmi.M_720s.20141022_072400_TAI.1.magnetogram_224.png,X
1890_hmi.M_720s.20131107_202400_TAI.1.magnetogram_224.png,X
1430_hmi.M_720s.20120306_012400_TAI.1.magnetogram_224.png,X
1283_hmi.M_720s.20110907_013600_TAI.1.magnetogram_224.png,X
1283_hmi.M_720s.20110906_220000_TAI.1.magnetogram_224.png,X
2297_hmi.M_720s.20150310_202400_TAI.1.magnetogram_224.png,X
1520_hmi.M_720s.20120711_210000_TAI.1.magnetogram_224.png,X
2192_hmi.M_720s.20141027_133600_TAI.1.magnetogram_224.png,X
2297_hmi.M_720s.20150310_222400_TAI.1.magnetogram_224.png,X
2242_hmi.M_720s.20141219_120000_TAI.1.magnetogram_224.png,X
2192_hmi.M_720s.20141026_084800_TAI.1.magnetogram_224.png,X
1283_hmi.M_720s.20110907_120000_TAI.1.magnetogram_224.png,X
2297_hmi.M_720s.20150311_154800_TAI.1.magnetogram_224.png,X
1283_hmi.M_720s.20110907_190000_TAI.1.magnetogram_224.png,X
2673_hmi.M_720s.20170907_110000_TAI.3.magnetogram_224.png,X
2297_hmi.M_720s.20150310_223600_TAI.1.magnetogram_224.png,X
2017_hmi.M_720s.20140329_110000_TAI.1.magnetogram_224.png,X
2242_hmi.M_720s.20141219_220000_TAI.1.magnetogram_224.png,X
1520_hmi.M_720s.20120711_234800_TAI.1.magnetogram_224.png,X
2192_hmi.M_720s.20141025_132400_TAI.1.magnetogram_224.png,X
1944_hmi.M_720s.20140107_130000_TAI.1.magnetogram_224.png,X
1890_hmi.M_720s.20131105_103600_TAI.1.magnetogram_224.png,X
1944_hmi.M_720s.20140107_042400_TAI.1.magnetogram_224.png,X
2192_hmi.M_720s.20141026_200000_TAI.1.magnetogram_224.png,X
1890_hmi.M_720s.20131110_050000_TAI.1.magnetogram_224.png,X
2017_hmi.M_720s.20140328_181200_TAI.1.magnetogram_224.png,X
1166_hmi.M_720s.20110309_001200_TAI.1.magnetogram_224.png,X
2192_hmi.M_720s.20141027_111200_TAI.1.magnetogram_224.png,X
1283_hmi.M_720s.20110906_102400_TAI.1.magnetogram_224.png,X
1283_hmi.M_720s.20110906_230000_TAI.1.magnetogram_224.png,X
2192_hmi.M_720s.20141025_002400_TAI.1.magnetogram_224.png,X
2297_hmi.M_720s.20150310_173600_TAI.1.magnetogram_224.png,X
2192_hmi.M_720s.20141025_191200_TAI.1.magnetogram_224.png,X
1890_hmi.M_720s.20131105_092400_TAI.1.magnetogram_224.png,X
1283_hmi.M_720s.20110906_063600_TAI.1.magnetogram_224.png,X
1520_hmi.M_720s.20120712_063600_TAI.1.magnetogram_224.png,X
2242_hmi.M_720s.20141219_092400_TAI.1.magnetogram_224.png,X
2192_hmi.M_720s.20141025_124800_TAI.1.magnetogram_224.png,X
2205_hmi.M_720s.20141107_081200_TAI.1.magnetogram_224.png,X
1515_hmi.M_720s.20120705_231200_TAI.1.magnetogram_224.png,X
2158_hmi.M_720s.20140909_210000_TAI.1.magnetogram_224.png,X
1166_hmi.M_720s.20110309_214800_TAI.1.magnetogram_224.png,X
1515_hmi.M_720s.20120705_233600_TAI.1.magnetogram_224.png,X
1890_hmi.M_720s.20131109_144800_TAI.1.magnetogram_224.png,X
1875_hmi.M_720s.20131027_164800_TAI.1.magnetogram_224.png,X
1166_hmi.M_720s.20110309_140000_TAI.1.magnetogram_224.png,X
1890_hmi.M_720s.20131105_090000_TAI.1.magnetogram_224.png,X
1890_hmi.M_720s.20131105_021200_TAI.1.magnetogram_224.png,X
1944_hmi.M_720s.20140106_220000_TAI.1.magnetogram_224.png,X
1875_hmi.M_720s.20131027_070000_TAI.1.magnetogram_224.png,X
2158_hmi.M_720s.20140910_054800_TAI.1.magnetogram_224.png,X
1515_hmi.M_720s.20120706_203600_TAI.1.magnetogram_224.png,X
2192_hmi.M_720s.20141021_232400_TAI.1.magnetogram_224.png,X
1429_hmi.M_720s.20120306_041200_TAI.1.magnetogram_224.png,X
1430_hmi.M_720s.20120306_173600_TAI.1.magnetogram_224.png,X
2673_hmi.M_720s.20170907_013600_TAI.3.magnetogram_224.png,X
1890_hmi.M_720s.20131107_132400_TAI.1.magnetogram_224.png,X
1283_hmi.M_720s.20110907_151200_TAI.1.magnetogram_224.png,X
2017_hmi.M_720s.20140328_224800_TAI.1.magnetogram_224.png,X
2673_hmi.M_720s.20170906_102400_TAI.3.magnetogram_224.png,X
1944_hmi.M_720s.20140107_051200_TAI.1.magnetogram_224.png,X
2673_hmi.M_720s.20170906_051200_TAI.3.magnetogram_224.png,X
1166_hmi.M_720s.20110309_071200_TAI.1.magnetogram_224.png,X
2205_hmi.M_720s.20141107_083600_TAI.1.magnetogram_224.png,X
2192_hmi.M_720s.20141024_143600_TAI.1.magnetogram_224.png,X
2192_hmi.M_720s.20141025_101200_TAI.1.magnetogram_224.png,X
1283_hmi.M_720s.20110906_144800_TAI.1.magnetogram_224.png,X
2242_hmi.M_720s.20141219_083600_TAI.1.magnetogram_224.png,X
2673_hmi.M_720s.20170907_090000_TAI.3.magnetogram_224.png,X
2192_hmi.M_720s.20141025_220000_TAI.1.magnetogram_224.png,X
1890_hmi.M_720s.20131105_142400_TAI.1.magnetogram_224.png,X
2158_hmi.M_720s.20140910_052400_TAI.1.magnetogram_224.png,X
1520_hmi.M_720s.20120712_150000_TAI.1.magnetogram_224.png,X
1430_hmi.M_720s.20120306_231200_TAI.1.magnetogram_224.png,X
2205_hmi.M_720s.20141106_200000_TAI.1.magnetogram_224.png,X
1944_hmi.M_720s.20140107_043600_TAI.1.magnetogram_224.png,X
1283_hmi.M_720s.20110906_170000_TAI.1.magnetogram_224.png,X
1283_hmi.M_720s.20110907_223600_TAI.1.magnetogram_224.png,X
1515_hmi.M_720s.20120706_162400_TAI.1.magnetogram_224.png,X
2205_hmi.M_720s.20141107_091200_TAI.1.magnetogram_224.png,X
1944_hmi.M_720s.20140107_013600_TAI.1.magnetogram_224.png,X
1429_hmi.M_720s.20120306_214800_TAI.1.magnetogram_224.png,X
2673_hmi.M_720s.20170906_180000_TAI.3.magnetogram_224.png,X
1158_hmi.M_720s.20110214_112400_TAI.1.magnetogram_224.png,X
1283_hmi.M_720s.20110907_202400_TAI.1.magnetogram_224.png,X
2192_hmi.M_720s.20141022_081200_TAI.1.magnetogram_224.png,X
2673_hmi.M_720s.20170906_210000_TAI.3.magnetogram_224.png,X
1890_hmi.M_720s.20131109_190000_TAI.1.magnetogram_224.png,X
1166_hmi.M_720s.20110309_151200_TAI.1.magnetogram_224.png,X
1890_hmi.M_720s.20131109_110000_TAI.1.magnetogram_224.png,X
1515_hmi.M_720s.20120706_051200_TAI.1.magnetogram_224.png,X
2673_hmi.M_720s.20170905_102400_TAI.3.magnetogram_224.png,X
2297_hmi.M_720s.20150311_112400_TAI.1.magnetogram_224.png,X
1515_hmi.M_720s.20120706_010000_TAI.1.magnetogram_224.png,X
1875_hmi.M_720s.20131027_032400_TAI.1.magnetogram_224.png,X
2192_hmi.M_720s.20141024_160000_TAI.1.magnetogram_224.png,X
2192_hmi.M_720s.20141024_053600_TAI.1.magnetogram_224.png,X
2017_hmi.M_720s.20140329_144800_TAI.1.magnetogram_224.png,X
2673_hmi.M_720s.20170905_203600_TAI.3.magnetogram_224.png,X
1283_hmi.M_720s.20110906_004800_TAI.1.magnetogram_224.png,X
2192_hmi.M_720s.20141025_054800_TAI.1.magnetogram_224.png,X
2673_hmi.M_720s.20170907_022400_TAI.3.magnetogram_224.png,X
